message_index,symbol,price,qty
318263,ETF,3042,52
318267,ETF,3041,74
318271,ETF,3040,96
318275,ETF,3039,118
318279,ETF,3038,140
318283,ETF,3037,23
319087,ETF,3034,52
319095,ETF,3034,74
319103,ETF,3034,96
320533,ETF,3028,52
320541,ETF,3027,74
320549,ETF,3026,96
320557,ETF,3025,118
320565,ETF,3024,140
322968,ETF,3031,52
322976,ETF,3032,74
322984,ETF,3033,96
322992,ETF,3034,118
325530,ETF,3043,52
325534,ETF,3044,74
326814,ETF,3040,52
328243,ETF,3051,52
328251,ETF,3052,74
328259,ETF,3053,96
328267,ETF,3053,118
328275,ETF,3053,14
328279,ETF,3053,96
330178,ETF,3044,52
330186,ETF,3043,74
332243,ETF,3041,52
332247,ETF,3042,74
332251,ETF,3043,96
334517,ETF,3019,52
334525,ETF,3018,74
335948,ETF,3015,52
335956,ETF,3016,74
337376,ETF,3017,52
338328,ETF,3028,52
340244,ETF,3037,52
340252,ETF,3038,74
340734,ETF,3037,52
340742,ETF,3037,44
342179,ETF,3025,52
342187,ETF,3024,74
343654,ETF,3019,52
344132,ETF,3019,52
344140,ETF,3019,22
345096,ETF,3018,52
345104,ETF,3019,74
345112,ETF,3020,96
347500,ETF,3015,52
347508,ETF,3014,74
351831,ETF,3006,52
351839,ETF,3005,74
352796,ETF,3006,52
354760,ETF,3005,52
357138,ETF,3008,52
358575,ETF,3009,52
360019,ETF,3018,52
360027,ETF,3019,74
360035,ETF,3020,96
360043,ETF,3021,118
360515,ETF,3026,52
362577,ETF,3034,52
362581,ETF,3033,74
362585,ETF,3032,96
362589,ETF,3031,118
362593,ETF,3030,140
362597,ETF,3029,23
363879,ETF,3027,52
366735,ETF,3028,52
368165,ETF,3035,52
368173,ETF,3036,74
368181,ETF,3037,96
368189,ETF,3038,118
370565,ETF,3052,52
371523,ETF,3049,52
372960,ETF,3033,52
372968,ETF,3032,74
373952,ETF,3037,52
373960,ETF,3038,74
373968,ETF,3039,96
373976,ETF,3039,118
373984,ETF,3039,14
373988,ETF,3039,96
374936,ETF,3041,52
375894,ETF,3034,52
376421,ETF,3042,52
376429,ETF,3042,74
376437,ETF,3042,96
376445,ETF,3042,6
376449,ETF,3042,52
376453,ETF,3043,60
376462,ETF,3043,14
376466,ETF,3044,96
376470,ETF,3045,30
376480,ETF,3045,88
377013,ETF,3050,52
377030,ETF,3050,74
377057,ETF,3050,96
377071,ETF,3050,6
377075,ETF,3058,52
377079,ETF,3059,60
377097,ETF,3059,14
377101,ETF,3060,96
377105,ETF,3061,30
377127,ETF,3061,88
377131,ETF,3062,74
377140,ETF,3062,66
377144,ETF,3063,118
377153,ETF,3063,44
377157,ETF,3064,162
377166,ETF,3064,22
377170,ETF,3065,206
377588,ETF,3066,52
377608,ETF,3066,74
377629,ETF,3066,96
377663,ETF,3066,6
378091,ETF,3073,52
378123,ETF,3073,60
378127,ETF,3072,14
378156,ETF,3072,96
378164,ETF,3072,30
378168,ETF,3071,88
378177,ETF,3071,74
378181,ETF,3070,66
378190,ETF,3070,118
378194,ETF,3069,44
378203,ETF,3069,162
378207,ETF,3068,22
378622,ETF,3068,52
379129,ETF,3069,52
379168,ETF,3069,22
379172,ETF,3070,52
379199,ETF,3070,96
379207,ETF,3070,80
379211,ETF,3070,38
379219,ETF,3070,58
379223,ETF,3071,82
379232,ETF,3071,36
379236,ETF,3072,126
379245,ETF,3072,14
379249,ETF,3073,162
379253,ETF,3074,8
379263,ETF,3074,176
379267,ETF,3075,30
379276,ETF,3075,176
379757,ETF,3076,52
379780,ETF,3076,74
379827,ETF,3076,96
379835,ETF,3076,6
379839,ETF,3091,52
379843,ETF,3092,60
379853,ETF,3092,14
379857,ETF,3093,96
379861,ETF,3094,30
379871,ETF,3094,88
379875,ETF,3095,74
379884,ETF,3095,66
379888,ETF,3096,118
379897,ETF,3096,44
379901,ETF,3097,162
379910,ETF,3097,22
379914,ETF,3098,206
380341,ETF,3099,52
380350,ETF,3099,74
380392,ETF,3099,96
380408,ETF,3099,6
380412,ETF,3114,52
380416,ETF,3115,60
380426,ETF,3115,14
380430,ETF,3116,96
380434,ETF,3117,30
380444,ETF,3117,88
380448,ETF,3118,74
380457,ETF,3118,66
380461,ETF,3119,118
380866,ETF,3122,52
380878,ETF,3122,74
380930,ETF,3122,96
380938,ETF,3122,6
381984,ETF,3129,52
381988,ETF,3130,74
381992,ETF,3131,96
381996,ETF,3132,118
382000,ETF,3133,140
382004,ETF,3134,23
385282,ETF,3121,52
385295,ETF,3120,74
385329,ETF,3119,96
385347,ETF,3119,118
385355,ETF,3119,110
385359,ETF,3118,30
385368,ETF,3118,88
385372,ETF,3117,74
385381,ETF,3117,66
385385,ETF,3116,118
385394,ETF,3116,44
385834,ETF,3113,52
386777,ETF,3115,52
390610,ETF,3135,52
392085,ETF,3120,52
392093,ETF,3119,74
392573,ETF,3112,52
392581,ETF,3112,74
393535,ETF,3119,52
393543,ETF,3119,74
393551,ETF,3119,96
393559,ETF,3119,6
393563,ETF,3119,52
396971,ETF,3127,52
396979,ETF,3126,74
399368,ETF,3121,52
404138,ETF,3119,52
404146,ETF,3120,74
404154,ETF,3121,96
404162,ETF,3122,118
404170,ETF,3123,140
404178,ETF,3124,162
406071,ETF,3115,52
406079,ETF,3114,74
406087,ETF,3113,96
406095,ETF,3112,118
406568,ETF,3107,52
412851,ETF,3118,52
412855,ETF,3119,74
412859,ETF,3120,96
419435,ETF,3134,52
419443,ETF,3135,74
420400,ETF,3132,52
420408,ETF,3131,74
420416,ETF,3130,96
423270,ETF,3120,52
423278,ETF,3121,74
423767,ETF,3128,52
423775,ETF,3128,74
430050,ETF,3136,52
430058,ETF,3135,74
430066,ETF,3134,96
430556,ETF,3128,52
430564,ETF,3128,74
431988,ETF,3132,52
432941,ETF,3119,52
432949,ETF,3118,74
434905,ETF,3131,52
437312,ETF,3128,52
437791,ETF,3120,52
437799,ETF,3120,74
437807,ETF,3120,96
437815,ETF,3120,6
437819,ETF,3119,52
439239,ETF,3113,52
447844,ETF,3099,52
448326,ETF,3091,52
448334,ETF,3091,74
448342,ETF,3091,96
448350,ETF,3091,6
448354,ETF,3090,52
448358,ETF,3089,60
449303,ETF,3094,52
449311,ETF,3094,74
449319,ETF,3094,96
449327,ETF,3094,6
449331,ETF,3094,52
453152,ETF,3086,52
453586,ETF,3086,52
456108,ETF,3082,52
456926,ETF,3085,52
457397,ETF,3086,52
457429,ETF,3086,22
457433,ETF,3087,52
457460,ETF,3087,44
463088,ETF,3098,52
463571,ETF,3097,52
463592,ETF,3097,22
463596,ETF,3096,52
463633,ETF,3096,44
463637,ETF,3095,52
463654,ETF,3095,66
463658,ETF,3094,52
463667,ETF,3094,88
471639,ETF,3100,52
472110,ETF,3108,52
472130,ETF,3108,74
474947,ETF,3110,52
476859,ETF,3103,52
479686,ETF,3118,52
480195,ETF,3117,52
480223,ETF,3117,22
480227,ETF,3116,52
480654,ETF,3110,52
480670,ETF,3110,74
480692,ETF,3110,96
480728,ETF,3110,6
480732,ETF,3107,52
481621,ETF,3103,52
483672,ETF,3111,52
483676,ETF,3112,74
483680,ETF,3113,96
483684,ETF,3114,118
483688,ETF,3115,140
483692,ETF,3116,23
488809,ETF,3123,52
493102,ETF,3100,52
493110,ETF,3101,74
495011,ETF,3115,52
498821,ETF,3130,52
498877,ETF,3129,74
498891,ETF,3128,96
498899,ETF,3127,118
504108,ETF,3118,52
505533,ETF,3116,52
505571,ETF,3117,74
506022,ETF,3124,52
507916,ETF,3134,52
508874,ETF,3131,52
513183,ETF,3137,52
513223,ETF,3138,74
513231,ETF,3139,96
514146,ETF,3139,52
514188,ETF,3138,74
514196,ETF,3137,96
514204,ETF,3136,118
514212,ETF,3135,140
514657,ETF,3131,52
514687,ETF,3131,74
514695,ETF,3131,96
514703,ETF,3131,6
515126,ETF,3131,52
515150,ETF,3131,60
515154,ETF,3132,14
515166,ETF,3132,96
515216,ETF,3132,30
515220,ETF,3133,88
515229,ETF,3133,74
515233,ETF,3134,66
515242,ETF,3134,118
515658,ETF,3136,52
515683,ETF,3136,74
515719,ETF,3136,96
516160,ETF,3135,52
516176,ETF,3135,66
516180,ETF,3134,8
516196,ETF,3134,96
516232,ETF,3134,36
516236,ETF,3133,82
516251,ETF,3133,80
516255,ETF,3132,60
516682,ETF,3130,52
516692,ETF,3130,74
516704,ETF,3130,96
516734,ETF,3130,6
517691,ETF,3124,52
517699,ETF,3123,74
520070,ETF,3129,52
520078,ETF,3128,74
520086,ETF,3127,96
520094,ETF,3126,118
520102,ETF,3125,140
521040,ETF,3122,52
521519,ETF,3130,52
521527,ETF,3130,74
521535,ETF,3130,96
521543,ETF,3130,6
521547,ETF,3131,52
522934,ETF,3135,52
523867,ETF,3140,52
523885,ETF,3139,74
524377,ETF,3132,52
524395,ETF,3132,74
524419,ETF,3132,96
524427,ETF,3132,6
524851,ETF,3131,52
525820,ETF,3132,52
525848,ETF,3131,74
525866,ETF,3130,96
525874,ETF,3129,118
527237,ETF,3135,52
530580,ETF,3111,52
530600,ETF,3110,74
541641,ETF,3105,52
542166,ETF,3104,52
542176,ETF,3104,22
544984,ETF,3094,52
545046,ETF,3093,74
545474,ETF,3086,52
545509,ETF,3086,74
545537,ETF,3086,96
546433,ETF,3085,52
546490,ETF,3086,74
547858,ETF,3095,52
547873,ETF,3096,74
547885,ETF,3097,96
551679,ETF,3101,52
551702,ETF,3100,74
556937,ETF,3102,52
560737,ETF,3106,52
560752,ETF,3107,74
560805,ETF,3108,96
560813,ETF,3109,118
560821,ETF,3110,140
561251,ETF,3114,52
561271,ETF,3114,74
561281,ETF,3114,96
561293,ETF,3114,6
562217,ETF,3118,52
563172,ETF,3114,52
563186,ETF,3113,74
564606,ETF,3112,52
564625,ETF,3113,74
566082,ETF,3106,52
566539,ETF,3098,52
567479,ETF,3091,52
567952,ETF,3091,52
567972,ETF,3091,22
567976,ETF,3092,52
568009,ETF,3092,44
568013,ETF,3093,52
568028,ETF,3093,66
568032,ETF,3094,52
568053,ETF,3094,88
568057,ETF,3095,52
570385,ETF,3107,52
570414,ETF,3108,74
570454,ETF,3109,96
570462,ETF,3110,118
574259,ETF,3103,52
574287,ETF,3102,74
575212,ETF,3109,52
575229,ETF,3109,74
577129,ETF,3106,52
577141,ETF,3107,74
579068,ETF,3100,52
579660,ETF,3108,228
579664,ETF,3108,52
579668,ETF,3109,74
579672,ETF,3110,96
579676,ETF,3111,53
581433,ETF,3108,52
581476,ETF,3107,74
581500,ETF,3106,96
581508,ETF,3106,118
581516,ETF,3106,110
581941,ETF,3100,52
581990,ETF,3100,74
581998,ETF,3100,96
582006,ETF,3100,6
582891,ETF,3091,52
582899,ETF,3092,74
582934,ETF,3093,96
583847,ETF,3106,52
584005,ETF,3114,228
584009,ETF,3114,52
584013,ETF,3115,74
584017,ETF,3116,96
584021,ETF,3117,53
584349,ETF,3117,52
584370,ETF,3117,13
584842,ETF,3117,52
595348,ETF,3073,52
596297,ETF,3062,52
596307,ETF,3061,74
596736,ETF,3054,52
596779,ETF,3054,74
596795,ETF,3054,96
596803,ETF,3054,6
596807,ETF,3051,52
596811,ETF,3050,60
596821,ETF,3050,14
597753,ETF,3037,52
597761,ETF,3036,74
599172,ETF,3028,52
599186,ETF,3027,74
600553,ETF,3021,52
602930,ETF,3025,52
603882,ETF,3025,52
603910,ETF,3026,74
603948,ETF,3027,96
603958,ETF,3028,118
604845,ETF,3032,52
606765,ETF,3049,52
611521,ETF,3057,52
611556,ETF,3056,74
620102,ETF,3041,52
621051,ETF,3042,52
622018,ETF,3054,52
622049,ETF,3055,74
623448,ETF,3049,52
624386,ETF,3048,52
626780,ETF,3037,52
627280,ETF,3036,52
629661,ETF,3043,52
632993,ETF,3033,52
633029,ETF,3032,74
636759,ETF,3024,52
636776,ETF,3023,74
636822,ETF,3022,96
636830,ETF,3022,118
636838,ETF,3022,110
637720,ETF,3021,52
637743,ETF,3022,74
638202,ETF,3029,52
638241,ETF,3029,74
638271,ETF,3029,96
638279,ETF,3029,6
640567,ETF,3036,52
642451,ETF,3034,52
642913,ETF,3033,52
642938,ETF,3033,22
642942,ETF,3032,52
642983,ETF,3032,44
642987,ETF,3031,52
642996,ETF,3031,66
643000,ETF,3030,52
644389,ETF,3036,52
644397,ETF,3037,74
646258,ETF,3031,52
647658,ETF,3031,52
648594,ETF,3027,52
648602,ETF,3028,74
649017,ETF,3035,52
650566,ETF,3031,52
650570,ETF,3030,74
650574,ETF,3029,96
651394,ETF,3040,52
651410,ETF,3041,74
653747,ETF,3029,52
654694,ETF,3038,52
654729,ETF,3039,74
654749,ETF,3040,96
654757,ETF,3041,118
657068,ETF,3052,52
657082,ETF,3051,74
657090,ETF,3050,96
657098,ETF,3049,118
657106,ETF,3048,140
657114,ETF,3047,162
657122,ETF,3046,184
657130,ETF,3045,206
657554,ETF,3044,52
658026,ETF,3036,52
659434,ETF,3035,52
659443,ETF,3036,74
660850,ETF,3037,52
660888,ETF,3038,74
663347,ETF,3023,52
663351,ETF,3022,74
663355,ETF,3021,96
663359,ETF,3020,118
663363,ETF,3019,140
663367,ETF,3018,23
664169,ETF,3015,52
666063,ETF,3019,52
666100,ETF,3020,74
667502,ETF,3022,52
670281,ETF,3000,52
676422,ETF,3017,52
676442,ETF,3018,74
676492,ETF,3019,96
676500,ETF,3020,118
676926,ETF,3025,52
676947,ETF,3025,74
676979,ETF,3025,96
676989,ETF,3025,6
676993,ETF,3032,52
676997,ETF,3033,60
677013,ETF,3033,14
677017,ETF,3034,96
677021,ETF,3035,30
678868,ETF,3048,52
678901,ETF,3049,74
678923,ETF,3049,96
678931,ETF,3049,58
678935,ETF,3049,60
678943,ETF,3049,14
679825,ETF,3058,52
680774,ETF,3066,52
680784,ETF,3067,74
680808,ETF,3068,96
680836,ETF,3069,118
680858,ETF,3070,140
681291,ETF,3074,52
681308,ETF,3074,74
681357,ETF,3074,96
681365,ETF,3074,6
681787,ETF,3091,52
681795,ETF,3091,74
681818,ETF,3091,96
681840,ETF,3091,6
681844,ETF,3093,52
681848,ETF,3094,60
681872,ETF,3094,14
682285,ETF,3101,52
682331,ETF,3101,74
682353,ETF,3101,96
682363,ETF,3101,6
684216,ETF,3113,52
684274,ETF,3114,74
684286,ETF,3115,96
684294,ETF,3116,118
684302,ETF,3117,140
684729,ETF,3121,52
684746,ETF,3121,74
684756,ETF,3121,96
684780,ETF,3121,6
687121,ETF,3142,52
687183,ETF,3143,74
687191,ETF,3144,96
687199,ETF,3145,118
687625,ETF,3150,52
687634,ETF,3150,74
687657,ETF,3150,96
687697,ETF,3150,6
689081,ETF,3175,52
691955,ETF,3177,52
692440,ETF,3176,52
692460,ETF,3176,22
692919,ETF,3176,52
694379,ETF,3184,52
696292,ETF,3183,52
701096,ETF,3188,52
701128,ETF,3187,74
701148,ETF,3187,96
704030,ETF,3195,52
704038,ETF,3196,74
708373,ETF,3200,52
709817,ETF,3196,52
709825,ETF,3197,74
709833,ETF,3198,96
712730,ETF,3197,52
713209,ETF,3198,52
713217,ETF,3198,22
713221,ETF,3199,52
713230,ETF,3199,44
713234,ETF,3200,52
713243,ETF,3200,66
713714,ETF,3200,52
713722,ETF,3199,74
713730,ETF,3199,66
713734,ETF,3198,30
713743,ETF,3198,118
714220,ETF,3195,52
714228,ETF,3195,74
714236,ETF,3195,96
714244,ETF,3195,6
714248,ETF,3187,52
714252,ETF,3186,60
714743,ETF,3179,52
714751,ETF,3179,74
715226,ETF,3170,52
715234,ETF,3169,74
715242,ETF,3168,96
715250,ETF,3167,118
715258,ETF,3167,140
715725,ETF,3162,52
717644,ETF,3163,52
717652,ETF,3164,74
718610,ETF,3178,52
718618,ETF,3179,74
721910,ETF,3205,52
721925,ETF,3206,74
721945,ETF,3206,96
721965,ETF,3206,58
721969,ETF,3206,60
721985,ETF,3206,14
721989,ETF,3207,96
722456,ETF,3207,30
722460,ETF,3206,22
722469,ETF,3206,74
722566,ETF,3207,96
722570,ETF,3208,118
722574,ETF,3209,140
722578,ETF,3210,149
723430,ETF,3211,52
723909,ETF,3210,52
723917,ETF,3210,22
723921,ETF,3209,52
724891,ETF,3201,52
725372,ETF,3193,52
725380,ETF,3193,74
725388,ETF,3193,96
725396,ETF,3193,58
726346,ETF,3187,52
726824,ETF,3195,52
726832,ETF,3195,74
727778,ETF,3197,52
733028,ETF,3175,52
733036,ETF,3174,74
733044,ETF,3173,96
733515,ETF,3167,52
733523,ETF,3167,74
733531,ETF,3167,96
734017,ETF,3168,52
734025,ETF,3168,66
734513,ETF,3173,52
734521,ETF,3173,74
734529,ETF,3173,96
734537,ETF,3173,6
735005,ETF,3184,52
735484,ETF,3184,52
735492,ETF,3184,22
735496,ETF,3183,52
735505,ETF,3183,44
735509,ETF,3182,52
735518,ETF,3182,66
735522,ETF,3181,52
735531,ETF,3181,88
735535,ETF,3180,52
735544,ETF,3180,110
735548,ETF,3179,52
736952,ETF,3167,52
744175,ETF,3156,52
744183,ETF,3155,74
744191,ETF,3154,96
744199,ETF,3153,118
744207,ETF,3152,140
744215,ETF,3152,162
745646,ETF,3153,52
745654,ETF,3152,74
745662,ETF,3151,96
746134,ETF,3145,52
746142,ETF,3145,74
746150,ETF,3145,96
746158,ETF,3145,6
748053,ETF,3136,52
748061,ETF,3135,74
748069,ETF,3134,96
748077,ETF,3133,118
748085,ETF,3132,140
748093,ETF,3131,162
748558,ETF,3128,52
748566,ETF,3128,74
748574,ETF,3128,96
750474,ETF,3127,52
752392,ETF,3123,52
752400,ETF,3122,74
752408,ETF,3121,96
752416,ETF,3120,118
755252,ETF,3138,52
755732,ETF,3138,52
755740,ETF,3138,22
755744,ETF,3137,52
755753,ETF,3137,44
755757,ETF,3136,52
757201,ETF,3138,52
757209,ETF,3139,74
757686,ETF,3138,52
757694,ETF,3138,44
758177,ETF,3132,52
758657,ETF,3124,52
760579,ETF,3108,52
760587,ETF,3109,74
762023,ETF,3121,52
762031,ETF,3122,74
762039,ETF,3123,96
762047,ETF,3123,118
762055,ETF,3123,14
762059,ETF,3123,96
762063,ETF,3124,30
762529,ETF,3129,52
762537,ETF,3129,74
762545,ETF,3129,96
763519,ETF,3131,52
763527,ETF,3130,74
763535,ETF,3129,96
763543,ETF,3128,118
763551,ETF,3127,140
764043,ETF,3123,52
764051,ETF,3123,74
764059,ETF,3123,96
764067,ETF,3123,6
764538,ETF,3109,52
766437,ETF,3103,52
766445,ETF,3104,74
766546,ETF,3111,228
767904,ETF,3108,52
767912,ETF,3107,74
769829,ETF,3112,52
769837,ETF,3111,74
776516,ETF,3128,52
776524,ETF,3127,74
776532,ETF,3126,96
776540,ETF,3125,118
779873,ETF,3127,52
779881,ETF,3128,74
779890,ETF,3128,96
779898,ETF,3128,58
779902,ETF,3128,60
779910,ETF,3128,14
779914,ETF,3129,96
779918,ETF,3130,30
780385,ETF,3135,52
780393,ETF,3135,74
780401,ETF,3135,96
780409,ETF,3135,6
781378,ETF,3140,52
781386,ETF,3139,74
786680,ETF,3134,52
787652,ETF,3135,52
787660,ETF,3134,74
787668,ETF,3133,96
787676,ETF,3132,118
787684,ETF,3131,140
787692,ETF,3130,162
787700,ETF,3129,184
790526,ETF,3144,52
790534,ETF,3145,74
790542,ETF,3146,96
790550,ETF,3147,118
790558,ETF,3147,110
790562,ETF,3147,30
790570,ETF,3147,88
791533,ETF,3146,52
791541,ETF,3145,74
791549,ETF,3144,96
791557,ETF,3144,118
791566,ETF,3144,110
791570,ETF,3143,30
791579,ETF,3143,88
792056,ETF,3138,52
792064,ETF,3138,74
792076,ETF,3138,96
793492,ETF,3135,52
793500,ETF,3136,74
793508,ETF,3137,96
796389,ETF,3144,52
796397,ETF,3145,74
796405,ETF,3146,96
796884,ETF,3152,52
799745,ETF,3150,52
799753,ETF,3151,74
801663,ETF,3153,52
801671,ETF,3152,74
804535,ETF,3150,52
804543,ETF,3149,74
804643,ETF,3142,228
804647,ETF,3139,52
804651,ETF,3138,74
804655,ETF,3137,96
804659,ETF,3136,53
806955,ETF,3151,52
806963,ETF,3152,74
806971,ETF,3153,96
806979,ETF,3154,118
809355,ETF,3151,52
809364,ETF,3150,74
810313,ETF,3148,52
812714,ETF,3149,52
813664,ETF,3152,52
814143,ETF,3160,52
816503,ETF,3174,52
816511,ETF,3175,74
816539,ETF,3176,96
816568,ETF,3177,118
817022,ETF,3182,52
819415,ETF,3183,52
819462,ETF,3182,74
819471,ETF,3181,96
819480,ETF,3180,118
821820,ETF,3172,52
821849,ETF,3171,74
824215,ETF,3163,52
824254,ETF,3164,74
827560,ETF,3176,52
828039,ETF,3175,52
829944,ETF,3172,52
830907,ETF,3173,52
830915,ETF,3174,74
834264,ETF,3177,52
834906,ETF,3168,52
834910,ETF,3167,74
834914,ETF,3166,96
834918,ETF,3165,118
834922,ETF,3164,140
834926,ETF,3163,23
835742,ETF,3174,52
839117,ETF,3195,52
840100,ETF,3192,52
841977,ETF,3198,52
841998,ETF,3197,74
842484,ETF,3190,52
842499,ETF,3190,74
842550,ETF,3190,96
842559,ETF,3190,6
842563,ETF,3188,52
842567,ETF,3187,60
842578,ETF,3187,14
842582,ETF,3186,96
842586,ETF,3185,30
842596,ETF,3185,88
842600,ETF,3184,74
842611,ETF,3184,66
844944,ETF,3187,52
844984,ETF,3186,74
845888,ETF,3172,52
849724,ETF,3193,52
849759,ETF,3194,74
849786,ETF,3195,96
850236,ETF,3201,52
850249,ETF,3201,74
850260,ETF,3201,96
850284,ETF,3201,6
851668,ETF,3198,52
851694,ETF,3197,74
851739,ETF,3196,96
852307,ETF,3188,52
852311,ETF,3187,74
852315,ETF,3186,96
852319,ETF,3185,118
855038,ETF,3189,52
855522,ETF,3197,52
855547,ETF,3197,74
855582,ETF,3197,96
855590,ETF,3197,6
855594,ETF,3197,52
856972,ETF,3201,52
856992,ETF,3200,74
858406,ETF,3198,52
858421,ETF,3197,74
858450,ETF,3196,96
858465,ETF,3195,118
858488,ETF,3194,140
858496,ETF,3193,162
859875,ETF,3192,52
859886,ETF,3193,74
859940,ETF,3194,96
859948,ETF,3195,118
859956,ETF,3196,140
860370,ETF,3200,52
860392,ETF,3200,74
860443,ETF,3200,96
860451,ETF,3200,6
860895,ETF,3206,52
862789,ETF,3211,52
865173,ETF,3199,52
866585,ETF,3203,52
866617,ETF,3204,74
866659,ETF,3205,96
866669,ETF,3206,118
866677,ETF,3207,140
869049,ETF,3191,52
872338,ETF,3189,52
872346,ETF,3188,74
872821,ETF,3181,52
872829,ETF,3181,74
872837,ETF,3181,96
872845,ETF,3181,6
872849,ETF,3179,52
874741,ETF,3186,52
874749,ETF,3185,74
875716,ETF,3179,52
875724,ETF,3180,74
875732,ETF,3181,96
876686,ETF,3176,52
876716,ETF,3175,74
877641,ETF,3169,52
880557,ETF,3178,52
880997,ETF,3170,52
881036,ETF,3170,74
883432,ETF,3160,52
883488,ETF,3161,74
883496,ETF,3162,96
883504,ETF,3163,118
883915,ETF,3162,52
883923,ETF,3162,74
883950,ETF,3162,14
886802,ETF,3166,52
886853,ETF,3167,74
892060,ETF,3169,52
893508,ETF,3175,52
894525,ETF,3183,52
894533,ETF,3184,74
894541,ETF,3185,96
895938,ETF,3190,52
896944,ETF,3184,52
900747,ETF,3170,52
900764,ETF,3171,74
900812,ETF,3172,96
900820,ETF,3173,118
903668,ETF,3166,52
905572,ETF,3169,52
905597,ETF,3170,74
905614,ETF,3171,96
907024,ETF,3175,52
908461,ETF,3174,52
910378,ETF,3176,52
910409,ETF,3175,74
910866,ETF,3168,52
910875,ETF,3168,74
910928,ETF,3168,96
910946,ETF,3168,6
910950,ETF,3165,52
910954,ETF,3164,60
910965,ETF,3164,14
910969,ETF,3163,96
910973,ETF,3162,30
910984,ETF,3162,88
910988,ETF,3161,74
910998,ETF,3161,66
911404,ETF,3157,52
911421,ETF,3157,74
911464,ETF,3157,96
911478,ETF,3157,6
912885,ETF,3142,52
912905,ETF,3141,74
912921,ETF,3140,96
914865,ETF,3116,52
914881,ETF,3115,74
914915,ETF,3114,96
914923,ETF,3114,118
914932,ETF,3114,110
916478,ETF,3099,52
916482,ETF,3100,74
916486,ETF,3101,96
916490,ETF,3102,118
916494,ETF,3103,140
916498,ETF,3104,23
918273,ETF,3106,52
918766,ETF,3114,52
918779,ETF,3114,74
918799,ETF,3114,96
920684,ETF,3107,52
921156,ETF,3108,52
921171,ETF,3108,22
921175,ETF,3109,52
921202,ETF,3109,44
922174,ETF,3119,52
922182,ETF,3120,74
922190,ETF,3121,96
922198,ETF,3122,118
924089,ETF,3125,52
924097,ETF,3124,74
924105,ETF,3123,96
924598,ETF,3117,52
924606,ETF,3117,74
925505,ETF,3120,52
925521,ETF,3121,74
926485,ETF,3128,52
927924,ETF,3130,52
931692,ETF,3125,52
931718,ETF,3126,74
931733,ETF,3127,96
932181,ETF,3133,52
932200,ETF,3133,74
932220,ETF,3133,96
932680,ETF,3143,52
932689,ETF,3144,74
932714,ETF,3145,96
933666,ETF,3148,52
933691,ETF,3149,74
938872,ETF,3141,52
938891,ETF,3140,74
939888,ETF,3139,52
939896,ETF,3138,74
939906,ETF,3137,96
941311,ETF,3141,52
941319,ETF,3142,74
941327,ETF,3143,96
944155,ETF,3147,52
948981,ETF,3149,52
948985,ETF,3148,74
948989,ETF,3147,96
948993,ETF,3146,118
948997,ETF,3145,140
949001,ETF,3144,23
949846,ETF,3146,52
949856,ETF,3147,74
949864,ETF,3148,96
950326,ETF,3154,52
950334,ETF,3154,74
952663,ETF,3155,52
952671,ETF,3154,74
955032,ETF,3153,52
955040,ETF,3152,74
955050,ETF,3151,96
955059,ETF,3150,118
955067,ETF,3149,140
955526,ETF,3145,52
955534,ETF,3145,74
955542,ETF,3145,96
955550,ETF,3145,6
956010,ETF,3134,52
956019,ETF,3133,74
958851,ETF,3118,52
964022,ETF,3110,52
964446,ETF,3110,52
964469,ETF,3110,22
964473,ETF,3109,52
964497,ETF,3109,44
964501,ETF,3108,52
964518,ETF,3108,66
965446,ETF,3104,52
965922,ETF,3112,52
965949,ETF,3112,74
965976,ETF,3112,96
967020,ETF,3122,52
967024,ETF,3121,74
967028,ETF,3120,96
967032,ETF,3119,118
969390,ETF,3134,52
969394,ETF,3133,74
969398,ETF,3132,96
969402,ETF,3131,118
969406,ETF,3130,140
969410,ETF,3129,23
971643,ETF,3128,52
971683,ETF,3127,74
971699,ETF,3126,96
973511,ETF,3127,52
974012,ETF,3126,52
974033,ETF,3126,22
974037,ETF,3125,52
974054,ETF,3125,44
974539,ETF,3119,52
974547,ETF,3119,74
974573,ETF,3119,96
976452,ETF,3119,52
976493,ETF,3120,74
976516,ETF,3120,96
976524,ETF,3120,58
976528,ETF,3120,60
976536,ETF,3120,14
976540,ETF,3121,96
976544,ETF,3122,30
976555,ETF,3122,88
976953,ETF,3127,52
976966,ETF,3127,74
977013,ETF,3127,96
977037,ETF,3127,6
977124,ETF,3127,112
977128,ETF,3126,140
977132,ETF,3125,162
977136,ETF,3124,89
977940,ETF,3135,52
981696,ETF,3139,52
982170,ETF,3131,52
982229,ETF,3131,74
982237,ETF,3131,96
982245,ETF,3131,58
982249,ETF,3130,60
983601,ETF,3126,52
983640,ETF,3127,74
983670,ETF,3128,96
983678,ETF,3129,118
983686,ETF,3130,140
983694,ETF,3131,162
984099,ETF,3134,52
984120,ETF,3134,74
985051,ETF,3131,52
986015,ETF,3123,52
986025,ETF,3122,74
986034,ETF,3121,96
986051,ETF,3120,118
986074,ETF,3119,140
986085,ETF,3118,162
986107,ETF,3117,184
989345,ETF,3115,52
990760,ETF,3109,52
992650,ETF,3114,52
992663,ETF,3115,74
992684,ETF,3116,96
992728,ETF,3116,118
992736,ETF,3116,14
992740,ETF,3116,96
994093,ETF,3115,52
994117,ETF,3116,74
994149,ETF,3117,96
994159,ETF,3118,118
994589,ETF,3123,52
994611,ETF,3123,74
994657,ETF,3123,96
994667,ETF,3123,6
996505,ETF,3119,52
997428,ETF,3105,52
997463,ETF,3104,74
997491,ETF,3103,96
997499,ETF,3103,118
997931,ETF,3104,52
997946,ETF,3104,74
997976,ETF,3104,14
997980,ETF,3105,82
998101,ETF,3108,228
998105,ETF,3115,52
998109,ETF,3116,74
998113,ETF,3117,96
1000825,ETF,3120,52
1000847,ETF,3119,74
1005572,ETF,3108,52
1005580,ETF,3107,74
1005588,ETF,3106,96
1006943,ETF,3108,52
1007452,ETF,3107,52
1014958,ETF,3101,52
1014992,ETF,3102,74
1015905,ETF,3108,52
1015942,ETF,3109,74
1015958,ETF,3110,96
1017338,ETF,3118,52
1017356,ETF,3117,74
1019245,ETF,3124,52
1022112,ETF,3138,52
1022592,ETF,3146,52
1022618,ETF,3146,74
1022656,ETF,3146,96
1022670,ETF,3146,6
1022674,ETF,3147,52
1022678,ETF,3148,60
1022688,ETF,3148,14
1022692,ETF,3149,96
1022696,ETF,3150,30
1022706,ETF,3150,88
1022710,ETF,3151,74
1023604,ETF,3153,52
1023620,ETF,3152,74
1023670,ETF,3151,96
1023678,ETF,3150,118
1023686,ETF,3149,140
1023694,ETF,3148,162
1023702,ETF,3148,184
1023710,ETF,3148,44
1024128,ETF,3145,52
1024151,ETF,3145,74
1024177,ETF,3145,96
1024195,ETF,3145,6
1027462,ETF,3124,52
1027503,ETF,3125,74
1029374,ETF,3137,52
1031811,ETF,3153,52
1031868,ETF,3154,74
1031876,ETF,3155,96
1031884,ETF,3156,118
1031892,ETF,3157,140
1031900,ETF,3158,162
1031989,ETF,3161,228
1031993,ETF,3171,52
1031997,ETF,3172,74
1032001,ETF,3173,96
1032005,ETF,3174,53
1032377,ETF,3174,52
1032415,ETF,3174,13
1032419,ETF,3175,61
1032450,ETF,3175,79
1032454,ETF,3176,17
1032463,ETF,3176,118
1032471,ETF,3176,27
1032475,ETF,3177,113
1032484,ETF,3177,71
1032488,ETF,3178,91
1032974,ETF,3179,52
1033006,ETF,3179,74
1033024,ETF,3179,96
1033046,ETF,3179,6
1033050,ETF,3191,52
1033054,ETF,3192,60
1033068,ETF,3192,14
1033072,ETF,3193,96
1033076,ETF,3194,30
1033086,ETF,3194,88
1033090,ETF,3195,74
1033099,ETF,3195,66
1033103,ETF,3196,118
1033112,ETF,3196,44
1033116,ETF,3197,162
1033125,ETF,3197,22
1033129,ETF,3198,206
1033547,ETF,3199,52
1033574,ETF,3199,74
1033600,ETF,3199,96
1033618,ETF,3199,6
1035129,ETF,3220,52
1035133,ETF,3221,228
1035137,ETF,3221,74
1035141,ETF,3222,96
1035145,ETF,3223,53
1035961,ETF,3221,52
1036012,ETF,3220,74
1037863,ETF,3205,52
1037891,ETF,3204,74
1038380,ETF,3197,52
1038398,ETF,3197,74
1038406,ETF,3197,96
1038414,ETF,3197,6
1039311,ETF,3202,52
1039331,ETF,3202,74
1039381,ETF,3202,96
1039389,ETF,3202,6
1039393,ETF,3204,52
1039397,ETF,3205,60
1039407,ETF,3205,14
1039827,ETF,3212,52
1039841,ETF,3212,74
1039870,ETF,3212,96
1040458,ETF,3219,52
1040462,ETF,3220,74
1041746,ETF,3215,52
1041757,ETF,3216,74
1043211,ETF,3212,52
1043245,ETF,3211,74
1045135,ETF,3203,52
1047512,ETF,3204,52
1048974,ETF,3194,52
1050899,ETF,3180,52
1050907,ETF,3179,74
1053781,ETF,3175,52
1053789,ETF,3176,74
1053797,ETF,3177,96
1056803,ETF,3198,52
1058563,ETF,3201,52
1058571,ETF,3202,74
1058579,ETF,3203,96
1058587,ETF,3203,118
1058595,ETF,3203,14
1058599,ETF,3203,96
1058603,ETF,3204,30
1058612,ETF,3204,88
1059082,ETF,3204,52
1059090,ETF,3204,22
1059563,ETF,3201,52
1059571,ETF,3201,74
1059579,ETF,3201,96
1059587,ETF,3201,6
1059591,ETF,3195,52
1059595,ETF,3194,60
1059605,ETF,3194,14
1059609,ETF,3193,96
1059613,ETF,3192,30
1059623,ETF,3192,88
1059627,ETF,3191,74
1059636,ETF,3191,66
1062489,ETF,3208,52
1063928,ETF,3212,52
1063936,ETF,3211,74
1063944,ETF,3210,96
1063952,ETF,3209,118
1063960,ETF,3208,140
1064427,ETF,3204,52
1064901,ETF,3205,52
1065380,ETF,3212,52
1065860,ETF,3211,52
1065868,ETF,3211,22
1065872,ETF,3210,52
1065881,ETF,3210,44
1065885,ETF,3209,52
1065894,ETF,3209,66
1065898,ETF,3208,52
1065907,ETF,3208,88
1065911,ETF,3207,52
1065920,ETF,3207,110
1066853,ETF,3205,52
1066861,ETF,3204,74
1069227,ETF,3203,52
1069705,ETF,3211,52
1069713,ETF,3211,74
1069721,ETF,3211,96
1069729,ETF,3211,6
1069733,ETF,3211,52
1070210,ETF,3219,52
1070218,ETF,3219,74
1072586,ETF,3228,52
1073066,ETF,3228,52
1073074,ETF,3228,22
1074023,ETF,3222,52
1074031,ETF,3221,74
1074185,ETF,3214,228
1074189,ETF,3212,52
1074193,ETF,3211,74
1074197,ETF,3210,96
1074201,ETF,3209,53
1074536,ETF,3209,52
1074544,ETF,3209,13
1074548,ETF,3208,61
1074557,ETF,3208,79
1074561,ETF,3207,17
1079333,ETF,3196,52
1079341,ETF,3197,74
1079349,ETF,3198,96
1079357,ETF,3199,118
1079365,ETF,3200,140
1079373,ETF,3201,162
1079838,ETF,3204,52
1079846,ETF,3204,74
1079854,ETF,3204,96
1079862,ETF,3204,6
1084183,ETF,3203,52
1085616,ETF,3204,52
1086096,ETF,3196,52
1086104,ETF,3196,74
1087071,ETF,3192,52
1087555,ETF,3192,52
1087563,ETF,3192,22
1087567,ETF,3193,52
1088042,ETF,3199,52
1090408,ETF,3205,52
1090565,ETF,3206,74
1090569,ETF,3207,96
1090573,ETF,3208,118
1090577,ETF,3209,140
1090581,ETF,3211,75
1091851,ETF,3217,52
1092330,ETF,3217,52
1092338,ETF,3217,22
1092342,ETF,3216,52
1092817,ETF,3210,52
1092825,ETF,3210,74
1092833,ETF,3210,96
1095657,ETF,3197,52
1095665,ETF,3196,74
1097078,ETF,3182,52
1097086,ETF,3181,74
1097094,ETF,3180,96
1097102,ETF,3180,118
1097110,ETF,3180,110
1097575,ETF,3174,52
1097583,ETF,3174,74
1097591,ETF,3174,96
1097599,ETF,3174,6
1099474,ETF,3183,52
1099965,ETF,3191,52
1099982,ETF,3191,74
1100002,ETF,3191,96
1100018,ETF,3191,6
1100022,ETF,3191,52
1100026,ETF,3192,60
1100045,ETF,3192,14
1100049,ETF,3193,96
1100053,ETF,3194,30
1100063,ETF,3194,88
1100494,ETF,3199,52
1100532,ETF,3199,74
1100540,ETF,3199,96
1100548,ETF,3199,6
1104345,ETF,3183,52
1107179,ETF,3184,52
1107191,ETF,3185,74
1107205,ETF,3186,96
1107651,ETF,3186,52
1107668,ETF,3186,66
1107672,ETF,3185,8
1109098,ETF,3181,52
1109566,ETF,3181,52
1109620,ETF,3181,22
1109624,ETF,3182,52
1111974,ETF,3202,52
1112458,ETF,3202,52
1112471,ETF,3202,22
1114848,ETF,3206,52
1114856,ETF,3207,74
1114864,ETF,3208,96
1114872,ETF,3209,118
1121128,ETF,3199,52
1121136,ETF,3198,74
1125437,ETF,3197,52
1125445,ETF,3198,74
1125923,ETF,3205,52
1125931,ETF,3205,74
1125939,ETF,3205,96
1127863,ETF,3197,52
1129300,ETF,3193,52
1129308,ETF,3194,74
1129316,ETF,3195,96
1129324,ETF,3196,118
1132146,ETF,3213,52
1132154,ETF,3212,74
1133109,ETF,3199,52
1133589,ETF,3191,52
1133597,ETF,3191,74
1134073,ETF,3192,52
1134081,ETF,3192,44
1134085,ETF,3193,30
1135550,ETF,3200,52
1135558,ETF,3199,74
1136515,ETF,3201,52
1137946,ETF,3199,52
1137954,ETF,3200,74
1137962,ETF,3201,96
1137970,ETF,3202,118
1137978,ETF,3203,140
1138923,ETF,3203,52
1138931,ETF,3202,74
1139883,ETF,3197,52
1139891,ETF,3198,74
1139899,ETF,3199,96
1141018,ETF,3198,52
1141022,ETF,3197,74
1141026,ETF,3196,96
1141030,ETF,3195,118
1141034,ETF,3194,140
1141038,ETF,3193,23
1146621,ETF,3189,52
1146629,ETF,3188,74
1148091,ETF,3190,52
1154306,ETF,3199,52
1154784,ETF,3198,52
1154792,ETF,3198,22
1154796,ETF,3197,52
1154805,ETF,3197,44
1155748,ETF,3196,52
1156254,ETF,3196,52
1156262,ETF,3196,22
1156266,ETF,3197,52
1156275,ETF,3197,44
1156279,ETF,3198,52
1156288,ETF,3198,66
1156292,ETF,3199,52
1156301,ETF,3199,88
1156305,ETF,3200,52
1159616,ETF,3199,52
1160584,ETF,3204,52
1161062,ETF,3203,52
1161070,ETF,3203,22
1161074,ETF,3202,52
1161083,ETF,3202,44
1161087,ETF,3201,52
1163456,ETF,3201,52
1163464,ETF,3202,74
1163472,ETF,3203,96
1163480,ETF,3204,118
1163488,ETF,3205,140
1163496,ETF,3206,162
1163504,ETF,3207,184
1163512,ETF,3208,206
1163520,ETF,3209,228
1164500,ETF,3220,52
1165930,ETF,3234,52
1166417,ETF,3242,52
1166425,ETF,3242,74
1167542,ETF,3230,52
1167546,ETF,3229,74
1167550,ETF,3228,96
1167554,ETF,3227,118
1167558,ETF,3227,163
1168363,ETF,3224,52
1168371,ETF,3223,74
1168854,ETF,3223,52
1168862,ETF,3223,44
1168866,ETF,3224,30
1168875,ETF,3224,88
1169347,ETF,3229,52
1169355,ETF,3229,74
1169363,ETF,3229,96
1169371,ETF,3229,6
1169375,ETF,3234,52
1169379,ETF,3235,60
1169389,ETF,3235,14
1169393,ETF,3236,96
1169397,ETF,3237,30
1169407,ETF,3237,88
1169411,ETF,3238,74
1169875,ETF,3242,52
1169883,ETF,3242,74
1169891,ETF,3242,96
1169899,ETF,3242,6
1170859,ETF,3260,52
1170867,ETF,3261,74
1170875,ETF,3262,96
1170883,ETF,3262,118
1170891,ETF,3262,14
1170895,ETF,3262,96
1170899,ETF,3263,30
1170908,ETF,3263,88
1170912,ETF,3264,74
1170921,ETF,3264,66
1171383,ETF,3268,52
1171391,ETF,3268,74
1171399,ETF,3268,96
1172846,ETF,3258,52
1173325,ETF,3250,52
1173333,ETF,3250,74
1175719,ETF,3256,52
1175727,ETF,3255,74
1175735,ETF,3254,96
1175743,ETF,3253,118
1179550,ETF,3245,52
1179558,ETF,3244,74
1180031,ETF,3237,52
1181939,ETF,3223,52
1182413,ETF,3215,52
1184802,ETF,3218,52
1184810,ETF,3217,74
1185274,ETF,3218,52
1185282,ETF,3218,44
1185286,ETF,3219,30
1185780,ETF,3218,52
1185788,ETF,3218,44
1185792,ETF,3217,30
1185801,ETF,3217,88
1186268,ETF,3212,52
1186276,ETF,3212,74
1186284,ETF,3212,96
1187216,ETF,3203,52
1188153,ETF,3198,52
1189558,ETF,3200,52
1189566,ETF,3201,74
1189574,ETF,3202,96
1189582,ETF,3203,118
1189590,ETF,3204,140
1190534,ETF,3205,52
1191943,ETF,3211,52
1192878,ETF,3209,52
1194465,ETF,3209,52
1194469,ETF,3208,74
1194473,ETF,3207,96
1194477,ETF,3206,118
1201372,ETF,3221,52
1201402,ETF,3220,74
1202343,ETF,3216,52
1202365,ETF,3217,74
1205163,ETF,3227,52
1208003,ETF,3231,52
1208616,ETF,3232,52
1208620,ETF,3231,74
1208624,ETF,3230,96
1208628,ETF,3229,118
1208632,ETF,3228,140
1208636,ETF,3227,23
1212249,ETF,3226,52
1212271,ETF,3225,74
1213629,ETF,3227,52
1214101,ETF,3226,52
1214125,ETF,3226,22
1214129,ETF,3225,52
1214174,ETF,3225,44
1214178,ETF,3224,52
1214187,ETF,3224,66
1214191,ETF,3223,52
1214200,ETF,3223,88
1214634,ETF,3219,52
1214687,ETF,3219,74
1214695,ETF,3219,96
1221662,ETF,3206,52
1221678,ETF,3207,74
1221693,ETF,3208,96
1223545,ETF,3214,52
1223564,ETF,3215,74
1224016,ETF,3222,52
1224029,ETF,3222,74
1224061,ETF,3222,96
1224089,ETF,3222,6
1227339,ETF,3221,52
1227370,ETF,3220,74
1227816,ETF,3213,52
1229718,ETF,3210,52
1229736,ETF,3211,74
1230198,ETF,3218,52
1230353,ETF,3217,74
1230357,ETF,3216,96
1230361,ETF,3215,118
1230365,ETF,3214,140
1230369,ETF,3213,75
1231315,ETF,3220,52
1231319,ETF,3221,74
1231323,ETF,3222,96
1231327,ETF,3223,118
1231331,ETF,3224,140
1236844,ETF,3192,52
1236863,ETF,3191,74
1236872,ETF,3190,96
1237366,ETF,3184,52
1237384,ETF,3184,74
1237392,ETF,3184,96
1237400,ETF,3184,6
1238296,ETF,3166,52
1239720,ETF,3147,52
1241168,ETF,3141,52
1241198,ETF,3140,74
1241218,ETF,3139,96
1241657,ETF,3133,52
1241690,ETF,3133,74
1241712,ETF,3133,96
1241724,ETF,3133,6
1242172,ETF,3122,52
1242202,ETF,3121,74
1242210,ETF,3120,96
1242629,ETF,3114,52
1242643,ETF,3114,74
1242660,ETF,3114,96
1242702,ETF,3114,6
1242796,ETF,3102,228
1242800,ETF,3101,52
1242804,ETF,3100,74
1242808,ETF,3099,96
1242812,ETF,3098,53
1243194,ETF,3098,52
1243210,ETF,3098,13
1243214,ETF,3097,61
1243223,ETF,3097,79
1244621,ETF,3098,52
1244658,ETF,3099,74
1245163,ETF,3098,52
1245171,ETF,3098,44
1245646,ETF,3092,52
1245654,ETF,3092,74
1245662,ETF,3092,96
1245670,ETF,3092,6
1245674,ETF,3089,52
1245678,ETF,3088,60
1245688,ETF,3088,14
1246152,ETF,3081,52
1246160,ETF,3081,74
1246168,ETF,3081,96
1246176,ETF,3081,6
1247594,ETF,3060,52
1249100,ETF,3051,52
1249104,ETF,3052,74
1249108,ETF,3053,96
1249112,ETF,3054,118
1249116,ETF,3055,140
1249120,ETF,3056,23
1250861,ETF,3061,52
1254210,ETF,3046,52
1255644,ETF,3049,52
1256111,ETF,3057,52
1256124,ETF,3057,74
1256147,ETF,3057,96
1256167,ETF,3057,6
1256171,ETF,3058,52
1256175,ETF,3059,60
1256207,ETF,3059,14
1256211,ETF,3060,96
1256215,ETF,3061,30
1256777,ETF,3071,52
1256781,ETF,3072,74
1258074,ETF,3067,52
1258097,ETF,3066,74
1258133,ETF,3065,96
1259991,ETF,3051,52
1264757,ETF,3053,52
1264776,ETF,3054,74
1264800,ETF,3055,96
1269560,ETF,3059,52
1269611,ETF,3060,74
1269619,ETF,3061,96
1273363,ETF,3049,52
1276340,ETF,3044,52
1276344,ETF,3045,74
1276348,ETF,3046,96
1276352,ETF,3047,118
1276356,ETF,3048,140
1276360,ETF,3049,23
1278621,ETF,3037,52
1281477,ETF,3030,52
1281506,ETF,3031,74
1281542,ETF,3032,96
1281550,ETF,3033,118
1281964,ETF,3038,52
1281972,ETF,3038,74
1282008,ETF,3038,96
1282042,ETF,3038,6
1283463,ETF,3049,52
1283481,ETF,3050,74
1285382,ETF,3044,52
1285838,ETF,3045,52
1286316,ETF,3052,52
1286350,ETF,3052,74
1286380,ETF,3052,96
1287276,ETF,3064,52
1287751,ETF,3063,52
1287767,ETF,3063,22
1288716,ETF,3059,52
1288730,ETF,3060,74
1288740,ETF,3061,96
1289206,ETF,3067,52
1289226,ETF,3067,74
1289272,ETF,3067,96
1290179,ETF,3072,52
1293970,ETF,3067,52
1293979,ETF,3066,74
1293994,ETF,3065,96
1294935,ETF,3054,52
1296869,ETF,3051,52
1296913,ETF,3052,74
1300207,ETF,3052,52
1300223,ETF,3053,74
1300272,ETF,3053,96
1300280,ETF,3053,58
1300284,ETF,3053,60
1300292,ETF,3053,14
1302620,ETF,3050,52
1303083,ETF,3042,52
1303102,ETF,3042,74
1303114,ETF,3042,96
1303160,ETF,3042,6
1303164,ETF,3041,52
1307422,ETF,3040,52
1307893,ETF,3048,52
1310322,ETF,3049,52
1310363,ETF,3050,74
1310387,ETF,3051,96
1310395,ETF,3052,118
1310403,ETF,3053,140
1310825,ETF,3057,52
1310846,ETF,3057,74
1310892,ETF,3057,96
1310900,ETF,3057,6
1312740,ETF,3060,52
1312761,ETF,3061,74
1312790,ETF,3062,96
1314711,ETF,3058,52
1314722,ETF,3057,74
1315183,ETF,3050,52
1315206,ETF,3050,74
1315252,ETF,3050,96
1320454,ETF,3050,52
1322849,ETF,3056,52
1322893,ETF,3057,74
1322901,ETF,3057,96
1327669,ETF,3057,52
1327715,ETF,3056,74
1327729,ETF,3055,96
1328185,ETF,3049,52
1328205,ETF,3049,74
1329125,ETF,3049,52
1329283,ETF,3057,228
1329287,ETF,3057,52
1329291,ETF,3058,74
1329295,ETF,3059,96
1329299,ETF,3060,53
1330110,ETF,3056,52
1330170,ETF,3055,74
1330178,ETF,3054,96
1333479,ETF,3056,52
1334097,ETF,3065,52
1334101,ETF,3066,74
1334105,ETF,3067,96
1334109,ETF,3068,118
1334113,ETF,3069,140
1334117,ETF,3070,23
1335892,ETF,3062,52
1335902,ETF,3061,74
1335946,ETF,3060,96
1335968,ETF,3059,118
1335976,ETF,3058,140
1335984,ETF,3058,162
1335992,ETF,3058,66
1335996,ETF,3057,118
1336437,ETF,3054,52
1336467,ETF,3054,74
1336475,ETF,3054,96
1336483,ETF,3054,6
1338334,ETF,3043,52
1339298,ETF,3040,52
1339346,ETF,3039,74
1339364,ETF,3038,96
1341236,ETF,3026,52
1341275,ETF,3025,74
1341299,ETF,3024,96
1342678,ETF,3020,52
1344589,ETF,3025,52
1344602,ETF,3026,74
1347938,ETF,3040,52
1347996,ETF,3041,74
1348431,ETF,3041,52
1350310,ETF,3040,52
1350330,ETF,3041,74
1350379,ETF,3042,96
1350387,ETF,3043,118
1352226,ETF,3048,52
1353635,ETF,3044,52
1355066,ETF,3026,52
1355080,ETF,3025,74
1356499,ETF,3013,52
1356968,ETF,3014,52
1356996,ETF,3014,22
1357000,ETF,3015,52
1357043,ETF,3015,44
1357047,ETF,3016,52
1357484,ETF,3021,52
1357525,ETF,3021,74
1357539,ETF,3021,96
1357547,ETF,3021,6
1358894,ETF,3025,52
1358903,ETF,3026,74
1361268,ETF,3045,52
1361746,ETF,3037,52
1361797,ETF,3037,74
1361805,ETF,3037,96
1363170,ETF,3045,52
1377844,ETF,3052,52
1380701,ETF,3072,52
1380729,ETF,3073,74
1381182,ETF,3080,52
1381205,ETF,3080,74
1383066,ETF,3076,52
1385430,ETF,3057,52
1387298,ETF,3061,52
1388729,ETF,3060,52
1388749,ETF,3059,74
1391078,ETF,3052,52
1391121,ETF,3051,74
1391147,ETF,3050,96
1391635,ETF,3044,52
1391647,ETF,3044,74
1391655,ETF,3044,96
1391663,ETF,3044,6
1391667,ETF,3040,52
1392554,ETF,3036,52
1392577,ETF,3037,74
1392587,ETF,3038,96
1394486,ETF,3043,52
1394969,ETF,3035,52
1395934,ETF,3034,52
1395961,ETF,3035,74
1397361,ETF,3048,52
1397375,ETF,3049,74
1397407,ETF,3050,96
1397435,ETF,3051,118
1397443,ETF,3052,140
1400231,ETF,3069,52
1400240,ETF,3070,74
1400299,ETF,3070,96
1400307,ETF,3070,58
1400311,ETF,3070,60
1400319,ETF,3070,14
1401199,ETF,3074,52
1401214,ETF,3073,74
1401228,ETF,3072,96
1402187,ETF,3059,52
1402213,ETF,3058,74
1404539,ETF,3056,52
1407842,ETF,3051,52
1407894,ETF,3050,74
1407902,ETF,3050,96
1407910,ETF,3050,118
1410691,ETF,3048,52
1410741,ETF,3047,74
1410749,ETF,3046,96
1410757,ETF,3045,118
1412126,ETF,3038,52
1412627,ETF,3039,52
1414934,ETF,3045,52
1414950,ETF,3046,74
1414962,ETF,3047,96
1415416,ETF,3053,52
1415437,ETF,3053,74
1416830,ETF,3054,52
1419670,ETF,3053,52
1419688,ETF,3052,74
1427662,ETF,3044,52
1429590,ETF,3047,52
1429628,ETF,3046,74
1430194,ETF,3042,52
1430198,ETF,3043,74
1430202,ETF,3044,96
1430206,ETF,3045,118
1430210,ETF,3046,140
1430214,ETF,3047,23
1432436,ETF,3054,52
1432448,ETF,3055,74
1432495,ETF,3056,96
1435287,ETF,3046,52
1435749,ETF,3047,52
1435765,ETF,3047,22
1437633,ETF,3055,52
1437649,ETF,3054,74
1437699,ETF,3053,96
1437707,ETF,3052,118
1440022,ETF,3060,52
1440072,ETF,3061,74
1441431,ETF,3065,52
1441444,ETF,3066,74
1441484,ETF,3067,96
1441492,ETF,3068,118
1442855,ETF,3071,52
1444801,ETF,3058,52
1448960,ETF,3064,52
1449436,ETF,3064,52
1450372,ETF,3050,52
1450408,ETF,3049,74
1450436,ETF,3048,96
1450444,ETF,3048,118
1450452,ETF,3048,110
1451319,ETF,3049,52
1451330,ETF,3050,74
1451389,ETF,3051,96
1451397,ETF,3052,118
1454158,ETF,3072,52
1454175,ETF,3073,74
1454649,ETF,3080,52
1454671,ETF,3080,74
1454703,ETF,3080,96
1454711,ETF,3080,6
1455120,ETF,3091,52
1455139,ETF,3091,74
1455147,ETF,3091,96
1455170,ETF,3091,6
1455617,ETF,3101,52
1455650,ETF,3101,74
1455668,ETF,3101,96
1455690,ETF,3101,6
1455694,ETF,3103,52
1455698,ETF,3104,60
1455708,ETF,3104,14
1455712,ETF,3105,96
1455716,ETF,3106,30
1455726,ETF,3106,88
1455730,ETF,3107,74
1455739,ETF,3107,66
1456601,ETF,3111,52
1456613,ETF,3112,74
1456663,ETF,3113,96
1456671,ETF,3114,118
1456679,ETF,3115,140
1456687,ETF,3116,162
1456695,ETF,3117,184
1456703,ETF,3118,206
1457100,ETF,3119,52
1457118,ETF,3119,74
1457166,ETF,3119,96
1458043,ETF,3131,52
1458065,ETF,3132,74
1458076,ETF,3133,96
1459529,ETF,3139,52
1459549,ETF,3138,74
1459557,ETF,3137,96
1459565,ETF,3136,118
1462333,ETF,3154,52
1462367,ETF,3153,74
1462375,ETF,3152,96
1466101,ETF,3149,52
1466120,ETF,3148,74
1468018,ETF,3144,52
1472718,ETF,3134,52
1472768,ETF,3135,74
1472879,ETF,3142,228
1476560,ETF,3143,52
1477002,ETF,3143,52
1477019,ETF,3143,22
1477481,ETF,3150,52
1477543,ETF,3150,74
1477551,ETF,3150,96
1477559,ETF,3150,6
1477563,ETF,3152,52
1480349,ETF,3161,52
1482409,ETF,3152,52
1483256,ETF,3155,52
1484155,ETF,3149,52
1484171,ETF,3148,74
1484208,ETF,3147,96
1484226,ETF,3146,118
1484633,ETF,3141,52
1488902,ETF,3154,52
1492359,ETF,3154,52
1492363,ETF,3155,74
1494140,ETF,3146,52
1494190,ETF,3147,74
1494607,ETF,3154,52
1494630,ETF,3154,74
1494674,ETF,3154,96
1494682,ETF,3154,6
1495565,ETF,3152,52
1495587,ETF,3151,74
1496988,ETF,3141,52
1497030,ETF,3140,74
1497908,ETF,3137,52
1498399,ETF,3145,52
1498411,ETF,3145,74
1498465,ETF,3145,96
1499027,ETF,3143,52
1499031,ETF,3142,74
1499035,ETF,3141,96
1499039,ETF,3140,118
1499043,ETF,3139,140
1499047,ETF,3139,23
1501721,ETF,3149,52
1502640,ETF,3164,52
1502686,ETF,3165,74
1506422,ETF,3156,52
1506445,ETF,3155,74
1508326,ETF,3157,52
1508811,ETF,3156,52
1508842,ETF,3156,22
1508846,ETF,3155,52
1508865,ETF,3155,44
1508869,ETF,3154,52
1508890,ETF,3154,66
1508894,ETF,3153,52
1509313,ETF,3149,52
1509348,ETF,3149,74
1510262,ETF,3146,52
1511210,ETF,3155,52
1511251,ETF,3156,74
1511267,ETF,3157,96
1511287,ETF,3158,118
1511713,ETF,3163,52
1511737,ETF,3163,74
1511759,ETF,3163,96
1511785,ETF,3163,6
1513627,ETF,3169,52
1513643,ETF,3170,74
1513682,ETF,3171,96
1513702,ETF,3172,118
1513710,ETF,3173,140
1514128,ETF,3177,52
1514152,ETF,3177,74
1514166,ETF,3177,96
1514180,ETF,3177,6
1515617,ETF,3168,52
1516095,ETF,3160,52
1516103,ETF,3160,74
1516111,ETF,3160,96
1516119,ETF,3160,6
1516123,ETF,3159,52
1516127,ETF,3158,60
1519451,ETF,3140,52
1519927,ETF,3141,52
1519935,ETF,3141,22
1519939,ETF,3142,52
1519948,ETF,3142,44
1519952,ETF,3143,52
1519961,ETF,3143,66
1525206,ETF,3171,52
1526632,ETF,3164,52
1526640,ETF,3163,74
1528557,ETF,3159,52
1529041,ETF,3159,52
1529049,ETF,3159,22
1529053,ETF,3160,52
1529062,ETF,3160,44
1529066,ETF,3161,52
1529075,ETF,3161,66
1529079,ETF,3162,52
1529088,ETF,3162,88
1529092,ETF,3163,52
1529101,ETF,3163,110
1529105,ETF,3164,52
1529114,ETF,3164,132
1529118,ETF,3165,52
1529579,ETF,3166,52
1529587,ETF,3166,74
1530154,ETF,3168,52
1530158,ETF,3169,74
1530162,ETF,3170,96
1530166,ETF,3171,118
1530170,ETF,3172,140
1530174,ETF,3173,23
1532474,ETF,3177,52
1532482,ETF,3178,74
1532490,ETF,3179,96
1532498,ETF,3180,118
1532506,ETF,3181,140
1532978,ETF,3185,52
1532986,ETF,3185,74
1532994,ETF,3185,96
1533002,ETF,3185,6
1535870,ETF,3180,52
1535878,ETF,3181,74
1536448,ETF,3176,52
1536452,ETF,3175,74
1536456,ETF,3174,96
1536460,ETF,3174,228
1537817,ETF,3180,52
1537825,ETF,3179,74
1537833,ETF,3178,96
1538325,ETF,3172,52
1538333,ETF,3172,74
1539750,ETF,3165,52
1542600,ETF,3167,52
1542608,ETF,3168,74
1544970,ETF,3178,52
1549699,ETF,3177,52
1549707,ETF,3178,74
1550181,ETF,3177,52
1550189,ETF,3177,44
1550193,ETF,3176,30
1550202,ETF,3176,88
1550206,ETF,3175,8
1551143,ETF,3181,52
1553057,ETF,3181,52
1553065,ETF,3180,74
1555427,ETF,3177,52
1557802,ETF,3175,52
1557810,ETF,3174,74
1557818,ETF,3173,96
1558288,ETF,3167,52
1559240,ETF,3165,52
1559248,ETF,3166,74
1560191,ETF,3165,52
1561146,ETF,3172,52
1561625,ETF,3171,52
1561633,ETF,3171,22
1561637,ETF,3170,52
1561646,ETF,3170,44
1564021,ETF,3162,52
1564029,ETF,3163,74
1564037,ETF,3164,96
1564045,ETF,3165,118
1564515,ETF,3170,52
1564523,ETF,3170,74
1564531,ETF,3170,96
1564539,ETF,3170,6
1567850,ETF,3169,52
1568799,ETF,3166,52
1568807,ETF,3165,74
1569282,ETF,3158,52
1569290,ETF,3158,74
1570239,ETF,3165,52
1570247,ETF,3165,74
1570255,ETF,3165,96
1570263,ETF,3165,6
1570267,ETF,3165,52
1570271,ETF,3166,60
1570737,ETF,3173,52
1570745,ETF,3173,74
1570753,ETF,3173,96
1570761,ETF,3173,6
1571688,ETF,3172,52
1571696,ETF,3171,74
1572164,ETF,3164,52
1573585,ETF,3160,52
1573593,ETF,3161,74
1573601,ETF,3162,96
1573609,ETF,3163,118
1573617,ETF,3164,140
1574077,ETF,3168,52
1574085,ETF,3168,74
1574093,ETF,3168,96
1574101,ETF,3168,6
1575030,ETF,3176,52
1575038,ETF,3177,74
1576443,ETF,3178,52
1576451,ETF,3177,74
1576459,ETF,3176,96
1576467,ETF,3175,118
1576475,ETF,3174,140
1577390,ETF,3174,52
1578330,ETF,3170,52
1578896,ETF,3172,52
1578900,ETF,3173,74
1578904,ETF,3174,96
1578908,ETF,3175,118
1581168,ETF,3170,52
1581176,ETF,3171,74
1581184,ETF,3172,96
1581666,ETF,3178,52
1581674,ETF,3178,74
1586443,ETF,3181,52
1586447,ETF,3182,228
1586451,ETF,3182,74
1586455,ETF,3183,96
1586459,ETF,3184,53
1587293,ETF,3174,52
1587301,ETF,3173,74
1589164,ETF,3167,52
1589172,ETF,3168,74
1589180,ETF,3169,96
1591499,ETF,3175,52
1592952,ETF,3187,52
1592960,ETF,3188,74
1592968,ETF,3189,96
1592976,ETF,3190,118
1592984,ETF,3191,140
1592992,ETF,3191,88
1592996,ETF,3191,74
1593004,ETF,3191,66
1593091,ETF,3195,228
1593095,ETF,3205,52
1593099,ETF,3206,74
1593103,ETF,3207,96
1593107,ETF,3208,53
1594404,ETF,3213,52
1594412,ETF,3214,74
1594420,ETF,3215,96
1595348,ETF,3220,52
1595356,ETF,3219,74
1596283,ETF,3216,52
1596291,ETF,3215,74
1596757,ETF,3208,52
1596765,ETF,3208,74
1596773,ETF,3208,96
1596781,ETF,3208,6
1597244,ETF,3198,52
1597252,ETF,3198,74
1597260,ETF,3198,96
1597268,ETF,3198,6
1597735,ETF,3188,52
1598203,ETF,3189,52
1598211,ETF,3189,22
1598215,ETF,3190,52
1598224,ETF,3190,44
1598228,ETF,3191,52
1598237,ETF,3191,66
1598241,ETF,3192,52
1598250,ETF,3192,88
1598710,ETF,3196,52
1598718,ETF,3196,74
1598726,ETF,3196,96
1598734,ETF,3196,6
1599207,ETF,3196,52
1599215,ETF,3196,60
1599219,ETF,3195,14
1599228,ETF,3195,96
1599236,ETF,3195,30
1599240,ETF,3194,88
1599249,ETF,3194,74
1599253,ETF,3193,66
1599262,ETF,3193,118
1599266,ETF,3192,44
1599275,ETF,3192,162
1599279,ETF,3191,22
1599767,ETF,3191,52
1599775,ETF,3191,74
1599783,ETF,3191,80
1599787,ETF,3177,16
1599796,ETF,3177,36
1599885,ETF,3169,228
1599889,ETF,3166,52
1599893,ETF,3165,74
1599897,ETF,3164,96
1599901,ETF,3163,53
1600739,ETF,3162,52
1600747,ETF,3161,74
1600755,ETF,3160,96
1600763,ETF,3159,118
1600771,ETF,3158,140
1600779,ETF,3158,162
1600787,ETF,3158,66
1600791,ETF,3157,118
1600800,ETF,3157,44
1601272,ETF,3154,52
1601280,ETF,3154,74
1601288,ETF,3154,96
1601296,ETF,3154,6
1601300,ETF,3142,52
1601304,ETF,3141,60
1601314,ETF,3141,14
1601318,ETF,3140,96
1601322,ETF,3139,30
1601332,ETF,3139,88
1601336,ETF,3138,74
1601345,ETF,3138,66
1601349,ETF,3137,118
1601358,ETF,3137,44
1601844,ETF,3134,52
1601852,ETF,3134,74
1601860,ETF,3134,96
1601868,ETF,3134,6
1601872,ETF,3122,52
1601876,ETF,3121,60
1601886,ETF,3121,14
1601890,ETF,3120,96
1601894,ETF,3119,30
1601904,ETF,3119,88
1602379,ETF,3114,52
1602387,ETF,3114,74
1602395,ETF,3114,96
1602403,ETF,3114,6
1603366,ETF,3100,52
1603374,ETF,3099,74
1603382,ETF,3098,96
1603850,ETF,3092,52
1606670,ETF,3091,52
1606678,ETF,3090,74
1606686,ETF,3089,96
1607182,ETF,3090,52
1607190,ETF,3090,66
1607194,ETF,3091,8
1607203,ETF,3091,96
1607211,ETF,3091,36
1607215,ETF,3092,82
1607224,ETF,3092,80
1607228,ETF,3093,60
1607237,ETF,3093,124
1607685,ETF,3095,52
1607693,ETF,3095,74
1607701,ETF,3095,96
1612350,ETF,3107,52
1612358,ETF,3106,74
1612366,ETF,3105,96
1612374,ETF,3104,118
1612382,ETF,3103,140
1612390,ETF,3102,162
1612844,ETF,3099,52
1612852,ETF,3099,74
1612860,ETF,3099,96
1613800,ETF,3100,52
1617553,ETF,3103,52
1617561,ETF,3104,74
1617569,ETF,3105,96
1617577,ETF,3106,118
1617585,ETF,3107,140
1617593,ETF,3108,162
1617601,ETF,3108,66
1617605,ETF,3108,118
1617613,ETF,3108,44
1618060,ETF,3111,52
1618522,ETF,3119,52
1622240,ETF,3124,52
1623665,ETF,3128,52
1624133,ETF,3128,52
1624141,ETF,3128,22
1624145,ETF,3127,52
1624154,ETF,3127,44
1624158,ETF,3126,52
1624167,ETF,3126,66
1624171,ETF,3125,52
1624180,ETF,3125,88
1624184,ETF,3124,52
1624193,ETF,3124,110
1624197,ETF,3123,52
1624649,ETF,3121,52
1624657,ETF,3121,74
1624665,ETF,3121,96
1626081,ETF,3109,52
1626089,ETF,3110,74
1627017,ETF,3119,52
1627025,ETF,3120,74
1628424,ETF,3113,52
1628432,ETF,3112,74
1633060,ETF,3101,52
1633072,ETF,3102,74
1638710,ETF,3086,52
1638724,ETF,3085,74
1638732,ETF,3084,96
1638740,ETF,3083,118
1638748,ETF,3083,140
1638756,ETF,3083,88
1639172,ETF,3078,52
1639222,ETF,3078,74
1639246,ETF,3078,96
1639254,ETF,3078,6
1641523,ETF,3081,52
1641536,ETF,3082,74
1641591,ETF,3083,96
1641994,ETF,3089,52
1642010,ETF,3089,74
1642062,ETF,3089,96
1642076,ETF,3089,6
1645281,ETF,3095,52
1645315,ETF,3096,74
1645329,ETF,3097,96
1647164,ETF,3082,52
1647201,ETF,3081,74
1647239,ETF,3080,96
1647247,ETF,3080,118
1647255,ETF,3080,110
1647259,ETF,3079,30
1647269,ETF,3079,88
1647680,ETF,3074,52
1647697,ETF,3074,74
1647729,ETF,3074,96
1647749,ETF,3074,6
1649555,ETF,3070,52
1649587,ETF,3071,74
1652422,ETF,3089,52
1652443,ETF,3090,74
1654805,ETF,3097,52
1654865,ETF,3098,74
1654873,ETF,3099,96
1657616,ETF,3098,52
1657628,ETF,3097,74
1657642,ETF,3096,96
1659511,ETF,3099,52
1659534,ETF,3100,74
1664216,ETF,3107,52
1664226,ETF,3108,74
1664245,ETF,3109,96
1664712,ETF,3109,52
1677797,ETF,3089,52
1679219,ETF,3080,52
1679255,ETF,3079,74
1679263,ETF,3078,96
1679273,ETF,3077,118
1679282,ETF,3076,140
1679693,ETF,3077,52
1679743,ETF,3077,74
1681576,ETF,3069,52
1682948,ETF,3069,52
1682966,ETF,3068,74
1683423,ETF,3069,52
1683457,ETF,3069,44
1683461,ETF,3070,30
1683478,ETF,3070,88
1683482,ETF,3071,8
1683502,ETF,3071,118
1683510,ETF,3071,14
1683514,ETF,3072,126
1683524,ETF,3072,36
1683528,ETF,3073,126
1683537,ETF,3073,58
1683541,ETF,3074,126
1687144,ETF,3089,52
1687164,ETF,3088,74
1687220,ETF,3088,96
1687228,ETF,3088,118
1688550,ETF,3084,52
1688576,ETF,3083,74
1688616,ETF,3082,96
1690420,ETF,3085,52
1690468,ETF,3086,74
1690486,ETF,3087,96
1692285,ETF,3083,52
1692297,ETF,3082,74
1692336,ETF,3081,96
1692352,ETF,3080,118
1697890,ETF,3085,52
1697916,ETF,3086,74
1697957,ETF,3087,96
1697965,ETF,3088,118
1698389,ETF,3093,52
1698405,ETF,3093,74
1698423,ETF,3093,96
1698450,ETF,3093,6
1698537,ETF,3108,228
1698541,ETF,3108,52
1699840,ETF,3096,52
1703134,ETF,3087,52
1705052,ETF,3076,52
1705060,ETF,3077,74
1705069,ETF,3078,96
1705490,ETF,3084,52
1712146,ETF,3102,52
1714552,ETF,3103,52
1716396,ETF,3100,52
1717830,ETF,3088,52
1721160,ETF,3101,52
1721649,ETF,3100,52
1721668,ETF,3100,22
1721672,ETF,3099,52
1722285,ETF,3095,52
1722289,ETF,3096,74
1722293,ETF,3097,96
1722297,ETF,3098,118
1722301,ETF,3099,140
1723130,ETF,3088,52
1723142,ETF,3087,74
1725025,ETF,3097,52
1725038,ETF,3098,74
1725096,ETF,3099,96
1725508,ETF,3105,52
1725532,ETF,3105,74
1725559,ETF,3105,96
1725573,ETF,3105,6
1726475,ETF,3107,52
1726486,ETF,3106,74
1728053,ETF,3106,52
1728057,ETF,3107,74
1728061,ETF,3108,96
1728065,ETF,3109,118
1728069,ETF,3110,140
1728927,ETF,3099,52
1729346,ETF,3091,52
1729383,ETF,3091,74
1729408,ETF,3091,96
1729430,ETF,3091,58
1729434,ETF,3090,60
1729443,ETF,3090,14
1729447,ETF,3089,96
1729451,ETF,3088,30
1729462,ETF,3088,88
1729466,ETF,3087,74
1729476,ETF,3087,66
1729480,ETF,3086,118
1729489,ETF,3086,44
1729493,ETF,3085,162
1734264,ETF,3077,52
1734268,ETF,3078,74
1734272,ETF,3079,96
1735076,ETF,3076,52
1735567,ETF,3084,52
1735597,ETF,3084,74
1735629,ETF,3084,96
1737464,ETF,3075,52
1737518,ETF,3074,74
1737535,ETF,3073,96
1740299,ETF,3071,52
1740771,ETF,3063,52
1741726,ETF,3064,52
1741742,ETF,3065,74
1742203,ETF,3072,52
1742228,ETF,3072,74
1742264,ETF,3072,96
1743168,ETF,3080,52
1746464,ETF,3082,52
1746486,ETF,3081,74
1747878,ETF,3079,52
1747943,ETF,3080,74
1747951,ETF,3081,96
1747959,ETF,3082,118
1748423,ETF,3081,52
1748432,ETF,3081,74
1748854,ETF,3077,52
1748873,ETF,3077,74
1748917,ETF,3077,96
1750257,ETF,3085,52
1752617,ETF,3089,52
1754968,ETF,3098,52
1756832,ETF,3100,52
1756852,ETF,3101,74
1756869,ETF,3102,96
1758731,ETF,3094,52
1759196,ETF,3095,52
1759221,ETF,3095,22
1759225,ETF,3096,52
1759276,ETF,3096,44
1759280,ETF,3097,52
1759289,ETF,3097,66
1759293,ETF,3098,52
1759302,ETF,3098,88
1759723,ETF,3102,52
1759737,ETF,3102,74
1762547,ETF,3113,52
1762577,ETF,3114,74
1762609,ETF,3115,96
1764464,ETF,3119,52
1764935,ETF,3111,52
1764969,ETF,3111,74
1764988,ETF,3111,96
1770170,ETF,3090,52
1773488,ETF,3080,52
1774424,ETF,3081,52
1774449,ETF,3082,74
1776332,ETF,3089,52
1777768,ETF,3079,52
1779618,ETF,3077,52
1779679,ETF,3078,74
1780099,ETF,3085,52
1780141,ETF,3085,74
1783424,ETF,3089,52
1783437,ETF,3088,74
1783445,ETF,3087,96
1783453,ETF,3086,118
1783871,ETF,3086,52
1783880,ETF,3086,74
1783946,ETF,3086,14
1783950,ETF,3087,82
1784368,ETF,3090,52
1784417,ETF,3090,74
1784432,ETF,3090,96
1784440,ETF,3090,6
1785787,ETF,3101,52
1789124,ETF,3105,52
1791480,ETF,3099,52
1791506,ETF,3100,74
1791515,ETF,3101,96
1791997,ETF,3101,52
1792028,ETF,3101,66
1792032,ETF,3100,8
1792041,ETF,3100,96
1792049,ETF,3100,36
1792053,ETF,3099,82
1793916,ETF,3090,52
1795288,ETF,3104,52
1796240,ETF,3098,52
1796270,ETF,3097,74
1796304,ETF,3097,96
1796312,ETF,3097,118
1796320,ETF,3097,14
1796324,ETF,3096,96
1796328,ETF,3095,30
1796338,ETF,3095,88
1796342,ETF,3094,74
1796351,ETF,3094,66
1796355,ETF,3093,118
1796364,ETF,3093,44
1796368,ETF,3092,162
1796377,ETF,3092,22
1796381,ETF,3091,206
1796790,ETF,3090,52
1796803,ETF,3090,74
1796832,ETF,3090,96
1796864,ETF,3090,6
1796868,ETF,3074,52
1796872,ETF,3073,60
1797298,ETF,3066,52
1797759,ETF,3058,52
1799176,ETF,3061,52
1799667,ETF,3069,52
1800643,ETF,3079,52
1800665,ETF,3080,74
1800675,ETF,3081,96
1800693,ETF,3082,118
1801625,ETF,3088,52
1803988,ETF,3101,52
1804947,ETF,3103,52
1804982,ETF,3104,74
1806384,ETF,3098,52
1806402,ETF,3097,74
1806431,ETF,3096,96
1809701,ETF,3103,52
1809736,ETF,3104,74
1809770,ETF,3105,96
1810188,ETF,3111,52
1810212,ETF,3111,74
1810257,ETF,3111,96
1810265,ETF,3111,6
1811616,ETF,3118,52
1811636,ETF,3119,74
1811670,ETF,3120,96
1814468,ETF,3135,52
1816803,ETF,3146,52
1816864,ETF,3147,74
1818243,ETF,3163,52
1818763,ETF,3171,52
1818821,ETF,3171,74
1818829,ETF,3171,96
1819300,ETF,3180,52
1819332,ETF,3180,74
1821243,ETF,3183,52
1821254,ETF,3184,74
1821742,ETF,3191,52
1821760,ETF,3191,74
1821812,ETF,3191,96
1821820,ETF,3191,6
1823747,ETF,3188,52
1823755,ETF,3187,74
1823763,ETF,3186,96
1826273,ETF,3178,52
1827212,ETF,3184,52
1830145,ETF,3195,52
1830153,ETF,3194,74
1830161,ETF,3193,96
1830631,ETF,3187,52
1830639,ETF,3187,74
1830647,ETF,3187,96
1830655,ETF,3187,6
1833494,ETF,3193,52
1833502,ETF,3194,74
1833510,ETF,3194,96
1835399,ETF,3193,52
1835875,ETF,3201,52
1836352,ETF,3200,52
1836360,ETF,3200,22
1836833,ETF,3193,52
1841140,ETF,3195,52
1843033,ETF,3191,52
1843041,ETF,3192,74
1843998,ETF,3202,52
1844945,ETF,3199,52
1845421,ETF,3191,52
1845429,ETF,3191,74
1845437,ETF,3191,96
1845445,ETF,3191,6
1847813,ETF,3194,52
1847821,ETF,3193,74
1847829,ETF,3192,96
1847837,ETF,3191,118
1848304,ETF,3186,52
1848312,ETF,3186,74
1848320,ETF,3186,96
1848328,ETF,3186,6
1850183,ETF,3176,52
1850202,ETF,3177,74
1850219,ETF,3178,96
1850351,ETF,3184,228
1850355,ETF,3188,52
1850359,ETF,3189,74
1850363,ETF,3190,96
1850367,ETF,3191,53
1853536,ETF,3180,52
1853559,ETF,3179,74
1854959,ETF,3181,52
1854974,ETF,3182,74
1856865,ETF,3184,52
1856876,ETF,3185,74
1856901,ETF,3186,96
1856935,ETF,3187,118
1857362,ETF,3192,52
1857832,ETF,3200,52
1857890,ETF,3201,74
1857898,ETF,3202,96
1858317,ETF,3208,52
1858332,ETF,3208,74
1858343,ETF,3208,96
1860705,ETF,3203,52
1860750,ETF,3202,74
1860758,ETF,3201,96
1860766,ETF,3200,118
1860774,ETF,3199,140
1864502,ETF,3196,52
1869190,ETF,3195,52
1869204,ETF,3194,74
1872511,ETF,3197,52
1873466,ETF,3205,52
1873481,ETF,3206,74
1874434,ETF,3204,52
1874447,ETF,3203,74
1875849,ETF,3199,52
1875867,ETF,3200,74
1877736,ETF,3210,52
1878687,ETF,3210,52
1878697,ETF,3209,74
1878746,ETF,3208,96
1878760,ETF,3207,118
1878768,ETF,3206,140
1878776,ETF,3205,162
1878784,ETF,3204,184
1879216,ETF,3202,52
1879250,ETF,3202,74
1879258,ETF,3202,96
1879266,ETF,3202,6
1879683,ETF,3185,52
1880169,ETF,3177,52
1880193,ETF,3177,74
1880205,ETF,3177,96
1880227,ETF,3177,58
1881599,ETF,3156,52
1881659,ETF,3155,74
1882081,ETF,3148,52
1882117,ETF,3148,74
1882147,ETF,3148,96
1882155,ETF,3148,6
1882159,ETF,3146,52
1882163,ETF,3145,60
1882173,ETF,3145,14
1882177,ETF,3144,96
1882614,ETF,3138,52
1882652,ETF,3138,74
1882662,ETF,3138,96
1882670,ETF,3138,6
1882674,ETF,3132,52
1882678,ETF,3131,60
1882688,ETF,3131,14
1883148,ETF,3124,52
1883156,ETF,3124,74
1883164,ETF,3124,96
1883172,ETF,3124,6
1885484,ETF,3099,52
1885500,ETF,3098,74
1885961,ETF,3091,52
1885979,ETF,3091,74
1887367,ETF,3073,52
1887387,ETF,3072,74
1887398,ETF,3072,96
1887443,ETF,3072,118
1887451,ETF,3072,14
1887455,ETF,3071,96
1887459,ETF,3070,30
1887469,ETF,3070,88
1887473,ETF,3069,74
1887482,ETF,3069,66
1887486,ETF,3068,118
1889292,ETF,3058,52
1889765,ETF,3050,52
1889786,ETF,3050,74
1889828,ETF,3050,96
1889836,ETF,3050,58
1889840,ETF,3049,60
1889849,ETF,3049,14
1889853,ETF,3048,96
1889945,ETF,3042,228
1889949,ETF,3036,52
1889953,ETF,3035,74
1889957,ETF,3034,96
1889961,ETF,3033,53
1890754,ETF,3028,52
1890762,ETF,3028,74
1890797,ETF,3028,96
1891703,ETF,3013,52
1891751,ETF,3012,74
1892183,ETF,3005,52
1892221,ETF,3005,74
1895506,ETF,2997,52
1895526,ETF,2996,74
1898287,ETF,2987,52
1898345,ETF,2986,74
1899857,ETF,2995,52
1899861,ETF,2996,74
1899865,ETF,2997,96
1899869,ETF,2998,118
1899873,ETF,2999,140
1899877,ETF,3000,23
1901154,ETF,2991,52
1906350,ETF,2988,52
1907764,ETF,2991,52
1907772,ETF,2992,74
1907780,ETF,2993,96
1908256,ETF,2999,52
1908264,ETF,2999,74
1908272,ETF,2999,96
1909211,ETF,2999,52
1909686,ETF,3000,52
1914837,ETF,3007,52
1914899,ETF,3008,74
1916750,ETF,3009,52
1917232,ETF,3017,52
1917288,ETF,3017,74
1917296,ETF,3017,96
1917304,ETF,3017,6
1917308,ETF,3017,52
1917754,ETF,3017,52
1917792,ETF,3017,8
1917796,ETF,3016,66
1917805,ETF,3016,74
1918237,ETF,3012,52
1918284,ETF,3012,74
1918292,ETF,3012,96
1918300,ETF,3012,6
1919728,ETF,3006,52
1922062,ETF,3001,52
1923961,ETF,3002,52
1928196,ETF,3012,52
1928211,ETF,3013,74
1928233,ETF,3014,96
1928269,ETF,3015,118
1928824,ETF,3017,52
1928828,ETF,3016,74
1928832,ETF,3015,96
1928836,ETF,3014,118
1928840,ETF,3013,140
1928844,ETF,3012,23
1930090,ETF,3015,52
1930559,ETF,3023,52
1931496,ETF,3027,52
1931510,ETF,3026,74
1931967,ETF,3019,52
1934806,ETF,3018,52
1934814,ETF,3017,74
1935682,ETF,3013,52
1935707,ETF,3014,74
1935752,ETF,3015,96
1937094,ETF,3007,52
1937121,ETF,3006,74
1938515,ETF,3006,52
1938559,ETF,3007,74
1939008,ETF,3006,52
1939042,ETF,3006,44
1940852,ETF,3003,52
1940866,ETF,3002,74
1940906,ETF,3001,96
1941318,ETF,2995,52
1942721,ETF,2995,52
1942749,ETF,2996,74
1942773,ETF,2997,96
1942797,ETF,2998,118
1942806,ETF,2999,140
1942814,ETF,3000,162
1943240,ETF,3003,52
1943255,ETF,3003,74
1943273,ETF,3003,96
1943287,ETF,3003,6
1943291,ETF,3013,52
1943295,ETF,3014,60
1943321,ETF,3014,14
1943325,ETF,3015,96
1943329,ETF,3016,30
1943757,ETF,3021,52
1946522,ETF,3023,52
1947441,ETF,3034,52
1947465,ETF,3035,74
1947937,ETF,3034,52
1947959,ETF,3034,44
2132094,ETF,3024,52
2132102,ETF,3023,74
2132110,ETF,3022,96
2133397,ETF,3015,52
2133405,ETF,3014,74
2134684,ETF,3011,52
2134692,ETF,3010,74
2134700,ETF,3009,96
2135124,ETF,3003,52
2135132,ETF,3003,74
2135140,ETF,3003,96
2135148,ETF,3003,6
2135152,ETF,2999,52
2136434,ETF,2985,52
2136442,ETF,2984,74
2137301,ETF,2989,52
2137309,ETF,2990,74
2137317,ETF,2991,96
2139446,ETF,2989,52
2139455,ETF,2990,74
2139463,ETF,2991,96
2139882,ETF,2997,52
2139890,ETF,2997,74
2139898,ETF,2997,96
2139906,ETF,2997,6
2141608,ETF,3008,52
2142469,ETF,3011,52
2142477,ETF,3010,74
2143754,ETF,3007,52
2143762,ETF,3008,74
2148846,ETF,3010,52
2148857,ETF,3009,74
2150145,ETF,3006,52
2151019,ETF,2997,52
2151058,ETF,2996,74
2151098,ETF,2995,96
2152335,ETF,2997,52
2152373,ETF,2996,74
2155336,ETF,2994,52
2155757,ETF,3002,52
2155773,ETF,3002,74
2155793,ETF,3002,96
2155815,ETF,3002,6
2155819,ETF,3003,52
2156209,ETF,3011,52
2161768,ETF,2998,52
2163070,ETF,3010,52
2163495,ETF,3018,52
2163525,ETF,3018,74
2163539,ETF,3018,96
2163563,ETF,3018,6
2163567,ETF,3018,52
2163571,ETF,3019,60
2164430,ETF,3025,52
2164438,ETF,3024,74
2167826,ETF,3018,52
2167836,ETF,3019,74
2167854,ETF,3019,96
2168706,ETF,3019,52
2174282,ETF,3010,52
2174290,ETF,3011,74
2176426,ETF,3012,52
2182872,ETF,3016,52
2184584,ETF,3017,52
2186280,ETF,3008,52
2187562,ETF,3006,52
2187570,ETF,3005,74
2190560,ETF,3006,52
2194846,ETF,3005,52
2194854,ETF,3004,74
2194862,ETF,3003,96
2194870,ETF,3002,118
2194878,ETF,3002,140
2194886,ETF,3002,88
2194890,ETF,3001,74
2195305,ETF,2997,52
2195313,ETF,2997,74
2196586,ETF,2988,52
2197015,ETF,2996,52
2197023,ETF,2996,74
2197031,ETF,2996,96
2197039,ETF,2996,6
2197043,ETF,2996,52
2197463,ETF,3004,52
2197471,ETF,3004,74
2197479,ETF,3004,96
2197487,ETF,3004,6
2198399,ETF,3012,52
2198407,ETF,3013,74
2198415,ETF,3014,96
2198423,ETF,3015,118
2198431,ETF,3016,140
2198884,ETF,3020,52
2198892,ETF,3020,74
2198900,ETF,3020,96
2198908,ETF,3020,6
2198912,ETF,3028,52
2199357,ETF,3036,52
2199821,ETF,3044,52
2199829,ETF,3045,74
2199837,ETF,3046,96
2199845,ETF,3047,118
2199853,ETF,3047,110
2199857,ETF,3047,30
2199865,ETF,3047,88
2199869,ETF,3048,74
2199878,ETF,3048,66
2199882,ETF,3049,118
2199891,ETF,3049,44
2199895,ETF,3050,162
2199904,ETF,3050,22
2199908,ETF,3051,206
2200364,ETF,3052,52
2200372,ETF,3052,74
2200380,ETF,3052,96
2200388,ETF,3052,6
2200392,ETF,3074,52
2200396,ETF,3075,60
2200406,ETF,3075,14
2200410,ETF,3076,96
2200414,ETF,3077,30
2200424,ETF,3077,88
2200428,ETF,3078,74
2200437,ETF,3078,66
2200441,ETF,3079,118
2200450,ETF,3079,44
2200454,ETF,3080,162
2200900,ETF,3082,52
2200908,ETF,3082,74
2200916,ETF,3082,96
2200924,ETF,3082,6
2200928,ETF,3095,52
2200932,ETF,3096,60
2200942,ETF,3096,14
2200946,ETF,3097,96
2200950,ETF,3098,30
2200960,ETF,3098,88
2201411,ETF,3103,52
2201419,ETF,3103,74
2201427,ETF,3103,96
2201435,ETF,3103,6
2201439,ETF,3111,52
2201443,ETF,3112,60
2201453,ETF,3112,14
2201457,ETF,3113,96
2201461,ETF,3114,30
2201471,ETF,3114,88
2201475,ETF,3115,74
2201484,ETF,3115,66
2201488,ETF,3116,118
2201497,ETF,3116,44
2201501,ETF,3117,162
2201956,ETF,3119,52
2201964,ETF,3119,74
2201972,ETF,3119,96
2201980,ETF,3119,6
2201984,ETF,3132,52
2201988,ETF,3133,60
2201998,ETF,3133,14
2202002,ETF,3134,96
2202462,ETF,3140,52
2202470,ETF,3140,74
2202478,ETF,3140,96
2202486,ETF,3140,6
2202490,ETF,3146,52
2202494,ETF,3147,60
2202504,ETF,3147,14
2202508,ETF,3148,96
2202512,ETF,3149,30
2202522,ETF,3149,88
2202526,ETF,3150,74
2202535,ETF,3150,66
2202539,ETF,3151,118
2203002,ETF,3154,52
2203010,ETF,3154,74
2203018,ETF,3154,96
2203026,ETF,3154,6
2203030,ETF,3165,52
2203034,ETF,3166,60
2203044,ETF,3166,14
2203048,ETF,3167,96
2203052,ETF,3168,30
2203062,ETF,3168,88
2203066,ETF,3169,74
2203534,ETF,3173,52
2203542,ETF,3173,74
2203550,ETF,3173,96
2203558,ETF,3173,6
2203562,ETF,3182,52
2203566,ETF,3183,60
2203576,ETF,3183,14
2203580,ETF,3184,96
2203584,ETF,3185,30
2203594,ETF,3185,88
2203598,ETF,3186,74
2203607,ETF,3186,66
2204061,ETF,3190,52
2204069,ETF,3190,74
2204077,ETF,3190,96
2204085,ETF,3190,6
2204518,ETF,3206,52
2204526,ETF,3207,74
2204534,ETF,3208,96
2206699,ETF,3212,52
2207188,ETF,3204,52
2207196,ETF,3204,74
2207204,ETF,3204,96
2207212,ETF,3204,6
2207216,ETF,3203,52
2207220,ETF,3202,60
2207230,ETF,3202,14
2207234,ETF,3201,96
2207371,ETF,3195,228
2207375,ETF,3189,52
2207379,ETF,3188,74
2207383,ETF,3187,96
2207387,ETF,3186,53
2207760,ETF,3186,52
2207768,ETF,3186,13
2207772,ETF,3185,61
2207781,ETF,3185,79
2207785,ETF,3184,17
2207794,ETF,3184,118
2207802,ETF,3184,27
2207806,ETF,3183,113
2207815,ETF,3183,71
2207819,ETF,3182,91
2207828,ETF,3182,115
2207832,ETF,3181,69
2207841,ETF,3181,159
2209110,ETF,3168,52
2212572,ETF,3165,52
2213023,ETF,3157,52
2214326,ETF,3166,52
2217336,ETF,3174,52
2218198,ETF,3167,52
2220343,ETF,3169,52
2220351,ETF,3168,74
2220359,ETF,3167,96
2221644,ETF,3174,52
2224627,ETF,3180,52
2225499,ETF,3178,52
2225507,ETF,3177,74
2225515,ETF,3176,96
2225943,ETF,3170,52
2227240,ETF,3170,52
2227248,ETF,3169,74
2228098,ETF,3169,52
2229385,ETF,3154,52
2230659,ETF,3149,52
2230667,ETF,3150,74
2235363,ETF,3163,52
2237905,ETF,3177,52
2240590,ETF,3174,52
2241333,ETF,3171,52
2241758,ETF,3179,52
2241766,ETF,3179,74
2241774,ETF,3179,96
2241782,ETF,3179,6
2241786,ETF,3180,52
2241790,ETF,3181,60
2244347,ETF,3180,52
2244355,ETF,3181,74
2244780,ETF,3188,52
2244788,ETF,3188,74
2244796,ETF,3188,96
2247755,ETF,3192,52
2248748,ETF,3182,52
2248752,ETF,3181,74
2248756,ETF,3180,96
2250736,ETF,3175,52
2251163,ETF,3175,52
2251171,ETF,3175,22
2251175,ETF,3176,52
2251601,ETF,3182,52
2251609,ETF,3182,74
2251617,ETF,3182,96
2251625,ETF,3182,6
2251629,ETF,3185,52
2251633,ETF,3186,60
2255015,ETF,3180,52
2255023,ETF,3179,74
2255031,ETF,3178,96
2255453,ETF,3172,52
2255461,ETF,3172,74
2255469,ETF,3172,96
2255477,ETF,3172,6
2255481,ETF,3168,52
2255485,ETF,3167,60
2255495,ETF,3167,14
2256472,ETF,3165,52
2256476,ETF,3166,74
2256480,ETF,3167,96
2256484,ETF,3168,118
2256488,ETF,3169,140
2256492,ETF,3170,23
2264434,ETF,3159,52
2264442,ETF,3158,74
2264450,ETF,3157,96
2265291,ETF,3152,52
2265299,ETF,3153,74
2265307,ETF,3154,96
2266572,ETF,3166,52
2266580,ETF,3167,74
2266588,ETF,3168,96
2266596,ETF,3169,118
2266604,ETF,3170,140
2266612,ETF,3171,162
2266620,ETF,3172,184
2267031,ETF,3174,52
2267039,ETF,3174,74
2267047,ETF,3174,96
2267055,ETF,3174,6
2267470,ETF,3194,52
2268319,ETF,3187,52
2270014,ETF,3181,52
2273431,ETF,3187,52
2273439,ETF,3186,74
2273447,ETF,3185,96
2274726,ETF,3179,52
2274874,ETF,3179,74
2274878,ETF,3180,96
2274882,ETF,3181,118
2274886,ETF,3182,140
2274890,ETF,3183,75
2275601,ETF,3186,52
2275609,ETF,3186,74
2275617,ETF,3186,96
2275625,ETF,3186,6
2289629,ETF,3173,52
2290057,ETF,3181,52
2290065,ETF,3181,74
2290912,ETF,3190,52
2290920,ETF,3191,74
2296845,ETF,3191,52
2296853,ETF,3192,74
2296861,ETF,3193,96
2298972,ETF,3193,52
2298980,ETF,3194,74
2298988,ETF,3195,96
2302792,ETF,3205,52
2302800,ETF,3204,74
2302808,ETF,3203,96
2305765,ETF,3182,52
2305773,ETF,3181,74
2305781,ETF,3180,96
2305789,ETF,3180,118
2306209,ETF,3174,52
2307916,ETF,3170,52
2308344,ETF,3178,52
2308352,ETF,3178,74
2311747,ETF,3198,52
2311755,ETF,3197,74
2312180,ETF,3190,52
2312188,ETF,3190,74
2312613,ETF,3181,52
2313914,ETF,3166,52
2313922,ETF,3165,74
2313930,ETF,3164,96
2313938,ETF,3163,118
2313946,ETF,3162,140
2313954,ETF,3161,162
2313962,ETF,3160,184
2313970,ETF,3159,206
2314446,ETF,3158,52
2314454,ETF,3158,74
2314462,ETF,3158,96
2314470,ETF,3158,6
2314474,ETF,3144,52
2314478,ETF,3143,60
2314488,ETF,3143,14
2314492,ETF,3142,96
2314496,ETF,3141,30
2314506,ETF,3141,88
2314510,ETF,3140,74
2314519,ETF,3140,66
2314523,ETF,3139,118
2314532,ETF,3139,44
2314536,ETF,3138,162
2314545,ETF,3138,22
2314986,ETF,3136,52
2314994,ETF,3136,74
2315002,ETF,3136,96
2315010,ETF,3136,6
2315014,ETF,3122,52
2315857,ETF,3125,52
2316728,ETF,3128,52
2316736,ETF,3127,74
2317233,ETF,3120,52
2317241,ETF,3120,74
2317249,ETF,3120,96
2317257,ETF,3120,6
2317261,ETF,3117,52
2317265,ETF,3116,60
2317275,ETF,3116,14
2317279,ETF,3115,96
2317283,ETF,3114,30
2317293,ETF,3114,88
2317297,ETF,3113,74
2317306,ETF,3113,66
2317730,ETF,3109,52
2317738,ETF,3109,74
2317746,ETF,3109,96
2317754,ETF,3109,6
2317758,ETF,3099,52
2317762,ETF,3098,60
2318176,ETF,3091,52
2319472,ETF,3082,52
2320319,ETF,3071,52
2320327,ETF,3070,74
2321595,ETF,3072,52
2322043,ETF,3080,52
2322051,ETF,3080,74
2322059,ETF,3080,96
2322067,ETF,3080,6
2322071,ETF,3080,52
2322075,ETF,3081,60
2322084,ETF,3081,14
2322088,ETF,3082,96
2322092,ETF,3083,30
2322102,ETF,3083,88
2322106,ETF,3084,74
2322115,ETF,3084,66
2322119,ETF,3085,118
2322128,ETF,3085,44
2322132,ETF,3086,162
2322141,ETF,3086,22
2322145,ETF,3087,206
2322545,ETF,3088,52
2322553,ETF,3088,74
2322561,ETF,3088,96
2322569,ETF,3088,6
2322983,ETF,3103,52
